,title,price,img
0,"[쿠폰가13,990원] 제스프리 뉴질랜드 썬골드키위 1.8kg 3kg #중대과 #직수입",15040,https://cdn.011st.com/11dims/resize/300/11src/dl/v2/2/9/3/4/2/3/hSBJu/2858293423_141259229_05.jpg
1,버거킹 불고기와퍼주니어세트,3900,https://cdn.011st.com/11dims/resize/300/11src/dl/v2/8/8/5/4/1/8/QEqYO/4737885418_141238118_05.jpg
2,버거킹 타바스코더블비프+타바스코 슈림프버거+콜라R2,8550,https://cdn.011st.com/11dims/resize/300/11src/dl/v2/8/7/5/4/2/8/tQIwE/4737875428_141234732_05.jpg
3,버거킹 와퍼주니어+21치즈스틱+콜라R,3900,https://cdn.011st.com/11dims/resize/300/11src/dl/v2/8/8/2/5/3/3/NsJNM/4737882533_141238111_05.jpg
4,청정원 순창 찌개된장 양념 3종 3개 골라담기+[증정]진간장200ml 고깃집된장 조개멸치,13800,https://cdn.011st.com/11dims/resize/300/11src/pd/v2/4/8/2/1/1/8/mjTpN/3289482118_B.jpg
5,[더주] 추억속 그 맛! 말랑 숏다리 300g 외 대용량 주전부리 모음,11900,https://cdn.011st.com/11dims/resize/300/11src/dl/v2/1/8/7/2/7/5/ZlvGW/2350187275_141259351_05.jpg
6,숨쉬기 편한 브레스 마스크 KF94 100매 대형/소형/컬러/여름용/3D/2D/새부리형/AD/귀편,22900,https://cdn.011st.com/11dims/resize/300/11src/pd/v2/9/6/2/0/2/0/OduOx/3018962020_L300.jpg
7,삼육두유 190ml X 40입/파우치/테트라팩/대용량팩 모음,16130,https://cdn.011st.com/11dims/resize/300/11src/pd/21/2/6/4/5/8/6/aupfI/3926264586_L300.jpg
8,[기프티콘] 이마트/트레이더스 3만원권,28200,https://cdn.011st.com/11dims/resize/300/11src/dl/22/2/4/1/1/1/7/XaNCJ/4730241117_141214015_05.jpg
9,"[기프티콘] 현대차증권 플러스금융상품권 50,000원권",47500,https://cdn.011st.com/11dims/resize/300/11src/dl/v2/4/6/4/0/6/2/fsdXY/4697464062_141178557_05.jpg
10,미주라 통밀도너츠 230GX4개 외 미주라 도너츠/비스킷모음,11200,https://cdn.011st.com/11dims/resize/300/11src/pd/v2/1/1/9/9/7/1/eeVYa/4557119971_B.jpg
11,[디스이즈잇] 무색소 저염 백 명란 젓 1kg / 400g 젓갈 구이 파치 파지 선동알 젖갈,11220,https://cdn.011st.com/11dims/resize/300/11src/pd/22/3/0/3/2/7/5/DcsZo/3070303275_L300.jpg
12,"[농할혜택가 17,990원]더쌀집 경기미10kg(상등급)/농협 삼광미10kg(상등급) #찹쌀 #현",22480,https://cdn.011st.com/11dims/resize/300/11src/pd/v2/0/6/3/5/8/2/zKNoY/4494063582_L300.jpg
13,[10%중복쿠폰]맥심 티오피 3종 275mlx24/심플리스무스 3종 240ml x20개,21890,https://cdn.011st.com/11dims/resize/300/11src/dl/v2/5/2/7/9/0/4/oRxWy/2811527904_141259218_05.jpg
14,[기프티콘] 이마트/트레이더스 5만원권,47000,https://cdn.011st.com/11dims/resize/300/11src/dl/22/2/6/6/2/0/0/drHmN/4730266200_141214016_05.jpg
15,오뚜기밥 210g 24개입 / 오뚜기밥 큰밥 300g 18개입,25500,https://cdn.011st.com/11dims/resize/300/11src/pd/21/8/8/2/4/7/6/sdqKM/3880882476_L300.jpg
16,"[30%+5쿠폰][행텐]단독 가을선오픈 vs 여름최종SALE ~92%, 인기반팔티/데님/반바지외",9900,https://cdn.011st.com/11dims/resize/300/11src/pd/v2/8/8/4/9/4/0/gfQeM/2830884940_L300.jpg
17,버거킹 타바스코 몬스터+콜라R,4800,https://cdn.011st.com/11dims/resize/300/11src/dl/v2/8/7/9/4/9/3/KiBgX/4737879493_141238106_05.jpg
18,오아 클린이퓨어Pro 바람건조 칫솔살균기 고온히팅 휴대용 유선 무선 겸용 UVC LED 살,23900,https://cdn.011st.com/11dims/resize/300/11src/product/3713032332/L300.jpg?251000000
19,티젠 콤부차 모음전 30T+30T 레몬/파인애플/피치 외,24900,https://cdn.011st.com/11dims/resize/300/11src/pd/v2/8/6/0/4/6/2/bkTcg/4728860462_L300.jpg
20,30%쿠폰!비비안/비너스 외 A~F컵/여성/속옷/브라/팬티/세트/베이직/데일리/면/코튼/,9900,https://cdn.011st.com/11dims/resize/300/11src/dl/v2/9/2/7/6/8/2/OiNnj/19927682_141169353_05.jpg
21,오아 클린이워터B 구강세정기 강력 맥동수압 물치실 치아 세정기 휴대용 무선 구강세척,24900,https://cdn.011st.com/11dims/resize/300/11src/dl/v2/4/8/0/3/5/7/KMuvy/3027480357_141258800_05.jpg
22,한성 자연산골뱅이 400gx4 / 200gx5,30610,https://cdn.011st.com/11dims/resize/300/11src/pd/22/6/6/1/6/9/6/FHdgi/4281661696_L300.jpg
23,[청년망고] 태국 프리미엄 반건조 망고 200g / 망고 쫀드기 / 망고 최대 함유율 95% /,7800,https://cdn.011st.com/11dims/resize/300/11src/dl/v2/9/8/6/5/6/6/yQkAX/4104986566_141257323_05.jpg
24,[본사직영] 생수 아이시스 8.0 2L/무라벨1.5L/1L/500ml/300ml/200ml,10500,https://cdn.011st.com/11dims/resize/300/11src/dl/v2/2/0/5/3/1/0/JvEjv/1792205310_141168218_05.jpg
25,[비소식] 키스해링/탠디 우산 모음전/비오는날/경량우산 (장우산/완전자동/3단/투명/암,8620,https://cdn.011st.com/11dims/resize/300/11src/dl/v2/5/9/8/1/9/1/XsImf/2634598191_141258341_05.jpg
26,NEW 캐츠랑 전연령 고양이사료 5kg 1/2/3입,10900,https://cdn.011st.com/11dims/resize/300/11src/pd/22/3/1/6/3/0/7/rhSNq/4070316307_B.jpg
27,[아모레퍼시픽] BEST 아이오페/라네즈/에스트라/마몽드/한율+스타벅스 기프티콘,23940,https://cdn.011st.com/11dims/resize/300/11src/pd/v2/6/3/2/7/8/6/wKfyQ/1678632786_L300.jpg
28,맛있는 밑반찬 실속젓갈3종세트 (오징어젓+비빔낙지젓+갈치젓),10740,https://cdn.011st.com/11dims/resize/300/11src/pd/v2/6/1/8/9/2/8/ZfqMU/4720618928_L300.jpg
29,레인블레이드 듀오 하이브리드 와이퍼 2세트(차량2대분),13800,https://cdn.011st.com/11dims/resize/300/11src/pd/v2/4/6/1/9/6/8/EmxGn/4595461968_B.jpg
30,[바로생수] 스파클 생수 2L 30개,14310,https://cdn.011st.com/11dims/resize/300/11src/pd/22/1/8/5/8/2/5/nXfme/2619185825_B.jpg
31,[에스트라] NEW 아토베리어365 하이드로 수딩크림/에센스/크림/로션,17280,https://cdn.011st.com/11dims/resize/300/11src/pd/v2/8/4/3/5/5/0/BSqRZ/3766843550_L300.jpg
32,[예약판매]NCT X 산리오타운 공식MD_랜덤트레이딩카드SET B ver.,5000,https://cdn.011st.com/11dims/resize/300/11src/pd/v2/6/1/7/6/6/6/gnIsi/4668617666_L300.jpg
33,오뚜기 라면 실쏙팩 진라면/스낵면/열라면,21000,https://cdn.011st.com/11dims/resize/300/11src/pd/v2/1/7/1/6/9/4/IpWAv/3879171694_B.jpg
34,[아모레퍼시픽] 여름맞이 BEST 상품 모음전! #설화수#헤라#프리메라#메이크온,26140,https://cdn.011st.com/11dims/resize/300/11src/dl/22/1/1/8/2/4/0/FBuLj/2217118240_141260021_05.jpg
35,[25%쿠폰+스토어할인+T11%] 크로커다일 최신상 감탄브라 외 특가 라인업,10000,https://cdn.011st.com/11dims/resize/300/11src/dl/v2/5/6/6/5/4/6/SLzpY/2218566546_141234649_05.png
36,오아 물결고데기 손상없는 히피 펌 웨이브 단발머리 뿌리 볼륨 헤어 전문가용 헤어고데,19900,https://cdn.011st.com/11dims/resize/300/11src/dl/v2/0/9/1/8/4/0/ryTlo/3949091840_141238435_05.jpg
37,슈퍼대디 엑셀런트82/웰메이드 캡형 물티슈 모음,26500,https://cdn.011st.com/11dims/resize/300/11src/pd/v2/3/1/7/5/4/1/swOMT/4681317541_B.jpg
38,[찜10%+T11%]단독선론칭! FW리얼아이팔레트 오트밀크에디션/더브로우/비벨벳쿠션/워터,9000,https://cdn.011st.com/11dims/resize/300/11src/pd/v2/7/1/5/2/4/6/GYkwm/2628715246_L300.jpg
39,[본사직영]래핑차일드~84%OFF 가을단독입고/여름클리어런스+즉할20% 반팔/다운자켓/원,10000,https://cdn.011st.com/11dims/resize/300/11src/pd/v2/2/1/4/4/1/2/xkKmA/3208214412_L300.jpg
40,[언더아머 본사]남성 UA 이그나이트 VI 슬라이드 3022711-100,23520,https://cdn.011st.com/11dims/resize/300/11src/product/3761338209/L300.jpg?657000000
41,[오뚜기] 양조/사과/현미식초 1.5L x 6개(1박스) 외 양조식초 500ml/장아찌소스/피클초,13100,https://cdn.011st.com/11dims/resize/300/11src/dl/v2/5/5/3/7/3/0/VVeJz/2951553730_141257471_05.jpg
42,더대빵 포켓몬빵 랜덤10봉,29800,https://cdn.011st.com/11dims/resize/300/11src/pd/v2/8/3/2/1/5/1/XrcrN/4761832151_B.jpg
43,"[12,720원+하루특가!] 피죤 프리미엄 섬유유연제 3100mlx4개 인기용량 최근생산 피죤공",15900,https://cdn.011st.com/11dims/resize/300/11src/dl/v2/0/4/9/7/7/0/UrvBP/240049770_141259036_05.jpg
44,100% 국산 전라도 열무김치 2kg 3kg,9750,https://cdn.011st.com/11dims/resize/300/11src/pd/22/0/8/3/8/1/1/bYkNF/3467083811_B.jpg
45,삼양 사또밥 67GX10개/띠부씰 짱구/별뽀빠이/라면스낵 외 인기 과자 모음,9440,https://cdn.011st.com/11dims/resize/300/11src/pd/v2/1/1/8/6/0/3/kooAc/4587118603_B.jpg
46,[디스커버리][매장상품] 간절기 선오픈&여름 클리어런스 S.A.L.E,15900,https://cdn.011st.com/11dims/resize/300/11src/dl/v2/6/3/6/9/6/8/edqOL/2813636968_141258550_05.jpg
47,옵션5. [+욕조클리너][오케이베이비] 온다베이비 아기욕조,29570,https://cdn.011st.com/11dims/resize/300/11src/pd/v2/6/2/1/8/2/2/CflXt/4178621822_B.jpg
48,[라네즈] 초밀착 메이크업 한번에 해결! 네오쿠션 & 워터뱅크,22050,https://cdn.011st.com/11dims/resize/300/11src/pd/v2/3/8/1/4/4/9/kPbxJ/2886381449_L300.jpg
49,[크록스/멜리사외]30%쿠폰+사은품!크록밴드/라이트라이드 외 성인&아동 슈즈/샌들 모음,11500,https://cdn.011st.com/11dims/resize/300/11src/dl/v2/1/8/0/2/2/7/oKBBG/1951180227_141258529_05.jpg
50,"[15%+중복10%+T11%] 뉴트로지나&아비노 로션,워시,핸드크림 Best 모음",19880,https://cdn.011st.com/11dims/resize/300/11src/dl/v2/6/7/9/0/0/4/FbAro/985679004_141257497_05.jpg
51,나이스클랍 사계절 특가 이월+신상 최대 할인 UP TO 79%,69000,https://cdn.011st.com/11dims/resize/300/11src/pd/v2/5/5/4/6/6/1/hFsWI/3121554661_L300.jpg
52,1+1 의약외품 메디톡톡 시카케어 여드름패치 42매+42매 & 피부재생밴드 습윤드레싱 3매,6900,https://cdn.011st.com/11dims/resize/300/11src/dl/22/9/5/7/2/5/7/xoAxT/3812957257_141262161_05.jpg
53,[30%중복][마더스베이비] 수유브라 수유나시 임부팬티 보호대 편한 사이즈 다양한 디자,10000,https://cdn.011st.com/11dims/resize/300/11src/pd/v2/4/8/0/0/7/8/dRByT/42480078_L300.jpg
54,[20%쿠폰+T11%] 원더브라 최신상 브라팬티 1종 라인업,10000,https://cdn.011st.com/11dims/resize/300/11src/pd/v2/1/3/1/6/6/7/OtAYz/1745131667_L300.png
55,"[20%쿠폰/3,120원~]여름 시즌마감 땡처리세일 반팔티/반바지/면티/레깅스/조끼 여름 마",3900,https://cdn.011st.com/11dims/resize/300/11src/dl/v2/2/3/1/7/6/3/oRJab/409231763_141258302_05.jpg
56,[본사공식몰]드시모네 라이브11 냉장 생유산균+스타벅스 증정 (최대 75%할인),30000,https://cdn.011st.com/11dims/resize/300/11src/pd/v2/7/0/4/0/6/1/FEcip/3429704061_L300.jpg
57,코카콜라[본사직영] 코크제로 캔 355ml 24개,23300,https://cdn.011st.com/11dims/resize/300/11src/dl/v2/0/2/6/6/2/9/OFdcO/2576026629_141257987_05.jpg
58,보아르 워시스핀 무선 욕실 청소기 IPX5 방수 화장실 바닥 전동 청소솔,12400,https://cdn.011st.com/11dims/resize/300/11src/dl/v2/7/5/7/7/0/2/tVNxy/4494757702_141259906_05.jpg
59,[언더아머 본사]남성 UA 이그나이트 VI 슬라이드 3022711-100,23520,https://cdn.011st.com/11dims/resize/300/11src/product/3498205167/L300.jpg?151000000
60,올스탠다드 KF-AD 비말마스크/KF94 새부리형 컬러마스크 100개/대형/3D/2D/아이용/소형,14800,https://cdn.011st.com/11dims/resize/300/11src/dl/22/9/8/3/9/7/2/zWODG/3901983972_141257170_05.jpg
61,"[생활공작소] 고무장갑 3입,5입,6입,10입(S,M/L) /일회용수세미/종이호일 주방용품 外",11220,https://cdn.011st.com/11dims/resize/300/11src/dl/v2/6/7/5/2/2/3/zrYab/2697675223_141258844.jpg
62,[10%중복쿠폰+T11%]동서 맥심 화이트골드360T/모카골드360T+보냉백 [400T+미니언즈기획,45440,https://cdn.011st.com/11dims/resize/300/11src/dl/v2/9/8/9/5/1/5/HvGbH/1552989515_141259271_05.png
63,[30%+2천원+T11%] 홀리카홀리카X11번가 LAST썸머~62% HOT세일 (신상섀도우 단독구성/라,9500,https://cdn.011st.com/11dims/resize/300/11src/dl/22/1/9/8/0/2/1/nmqHw/1539198021_141259182_05.jpg
64,코코블랑 원가이하시즌오프 #이조건마지막#데일리룩##셔츠#팬츠#원피스#블라우스#티셔,8900,https://cdn.011st.com/11dims/resize/300/11src/pd/v2/1/7/4/5/4/1/LUQjm/3957174541_L300.jpg
65,[11톡10%+T11%]락토핏 생유산균 골드 5X 3통(150일분)+골드30포 프로모션,48900,https://cdn.011st.com/11dims/resize/300/11src/pd/v2/7/9/2/5/2/5/ssSiq/104792525_L300.jpg
66,[영동농협] 아리향 부드러운 복숭아 3kg #10-12과 #GAP인증,16400,https://cdn.011st.com/11dims/resize/300/11src/dl/v2/0/2/3/3/4/4/sCjKr/3670023344_141221550_05.jpg
67,헬로 뉴땡큐 3겹데코 천연펄프 화장지 30롤 3팩,15900,https://cdn.011st.com/11dims/resize/300/11src/pd/v2/2/8/6/9/3/8/hkVyz/3899286938_L300.jpg
68,[청년누룽지] 구수한 만능 누룽지 1KG / 100% 국내산 쌀로 제조 / 가족사랑,6800,https://cdn.011st.com/11dims/resize/300/11src/dl/v2/7/1/4/1/7/6/GlOSJ/4411714176_141257273_05.jpg
69,[30%쿠폰][마인드브릿지]본사 단독신상 클리어런스~82%할인+30%쿠폰,13000,https://cdn.011st.com/11dims/resize/300/11src/pd/v2/1/7/8/0/1/8/oEahJ/1780178018_B.jpg
70,[스위스키친]30%쿠폰 신상품대량업댓! 원피스맛집,9900,https://cdn.011st.com/11dims/resize/300/11src/pd/v2/1/6/1/1/5/0/EnSNH/3492161150_L300.jpg
71,베리홉 미백앰플 15g 1병 비타민C 앰플 엑스퍼트,26890,https://cdn.011st.com/11dims/resize/300/11src/pd/v2/7/6/2/9/5/3/AojOZ/4552762953_B.jpg
72,슈퍼대디 NEW썸머/울트라씬/리얼소프트/매직슬림 기저귀,38000,https://cdn.011st.com/11dims/resize/300/11src/pd/v2/5/6/1/3/8/5/HpDGh/4166561385_L300.jpg
73,해태htb 강원평창수 무라벨 2L 12개,9350,https://cdn.011st.com/11dims/resize/300/11src/dl/v2/2/4/9/9/7/8/Cndip/3421249978_141257960_05.jpg
74,"[우체국쇼핑]경북 청도 복숭아 4kg (황도,백도)",15900,https://cdn.011st.com/11dims/resize/300/11src/dl/22/2/5/9/7/0/1/DwqaK/4743259701_141260325_05.jpg
75,[도톰한 엠보싱 캡형 1000매]런칭 깨끗한 엠보싱 아기 물티슈 100매×10팩 대용량,10900,https://cdn.011st.com/11dims/resize/300/11src/pd/v2/9/8/9/4/4/5/rCRQX/4510989445_B.jpg
76,[선착순 증정][오뚜기] 오즈키친 게살크래미주먹밥/소불고기주먹밥/햄치즈무스비 외 치,27250,https://cdn.011st.com/11dims/resize/300/11src/pd/v2/3/3/7/2/8/0/QAFkN/2770337280_L300.jpg
77,덴탈껌 1위 포켄스 덴티페어리/뉴트리션 강아지 덴탈껌/영양트릿,24320,https://cdn.011st.com/11dims/resize/300/11src/pd/21/6/1/6/1/3/0/TAwuC/3957616130_B.jpg
78,[대용량 라이트 물티슈 캡형 100매x20팩]런칭 올스탠다드 실속 라이트 물티슈 100매×,11900,https://cdn.011st.com/11dims/resize/300/11src/dl/22/1/2/4/8/3/4/vndse/3898124834_141240400_05.jpg
79,KF94 올국산 오나미 비움 디럭스 컬러마스크 50매 새부리형 대형 화이트 베이지 그레이,12900,https://cdn.011st.com/11dims/resize/300/11src/pd/v2/6/0/2/3/7/5/KgXal/3889602375_L300.jpg
80,[제주농협] 귤로장생 하우스감귤 2.5kg 4.5kg #로얄과 #소과,18900,https://cdn.011st.com/11dims/resize/300/11src/dl/22/2/7/4/5/0/3/oxMik/2423274503_140791412_05.jpg
81,코카콜라 190ml X 30캔/스프라이트/환타/씨그램/조지아/코코팜,15920,https://cdn.011st.com/11dims/resize/300/11src/pd/21/3/5/3/0/1/2/XVxIm/3896353012_L300.jpg
82,[본사직영] 제주 삼다수 2L 24병,23520,https://cdn.011st.com/11dims/resize/300/11src/pd/21/4/3/6/6/9/4/DhQvk/3917436694_L300.jpg
83,비소식 10%즉할+20% 겨울왕국/어몽어스/쿠키런/카카오프렌즈 캐릭터 성인 아동 우산 우,8550,https://cdn.011st.com/11dims/resize/300/11src/dl/22/1/5/3/4/4/9/PTWHa/2733153449_141258710_05.jpg
84,수앤수 바캉스 찰떡템 주얼리/925실버/보관함 베스트! 당신을 위한 시~원한 혜택!,4900,https://cdn.011st.com/11dims/resize/300/11src/dl/v2/0/7/4/7/9/7/AnXvx/3177074797_140986434_05.jpg
85,KF94 올국산 비움 오나미 에코브리즈 마스크 100매 에코프로 플러스 새부리형 대형 화,19900,https://cdn.011st.com/11dims/resize/300/11src/dl/v2/5/4/6/3/3/9/gFmJb/3809546339_141125563_05.jpg
86,(천연조미료/육수한알) 빅마마 이혜정의 시크릿코인 205알,46390,https://cdn.011st.com/11dims/resize/300/11src/pd/v2/3/1/9/3/7/1/FpQth/4403319371_L300.jpg
87,[천원추가down]정직한 애견패드 대형 소형 20g X 400매 배변 강아지패드,28900,https://cdn.011st.com/11dims/resize/300/11src/dl/22/8/9/2/1/7/4/QzXaS/1655892174_140985955_05.jpg
88,[1+1]아라비카 상급원두!원더 더치커피 파우치 5종원두 20+20팩,7900,https://cdn.011st.com/11dims/resize/300/11src/dl/22/5/8/6/6/6/1/jIIym/2809586661_141276723_05.jpg
89,피코크 조선호텔 포기김치 4kg/8kg 외 열무/총각/배추/맛김치 서울요리원,32400,https://cdn.011st.com/11dims/resize/300/11src/pd/21/6/1/7/4/1/5/jHcXo/3506617415_B.jpg
90,[핏플랍/라코스테외] 25%쿠폰!2022 S/S 브랜드별 인기 슈즈 총 집합 100종 택1,12000,https://cdn.011st.com/11dims/resize/300/11src/dl/v2/4/3/6/4/1/6/pDSZe/2521436416_141258949_05.jpg
91,[기프티콘] 커피빈 카드 상품권(1만원),8700,https://cdn.011st.com/11dims/resize/300/11src/pd/v2/9/5/7/3/7/6/jCvsT/2896957376_L300.jpg
92,[오뚜기] 오뚜기밥 210g x 24개 외 발아흑미/오곡/찰현미/고시히카리/식감만족 즉석밥,28360,https://cdn.011st.com/11dims/resize/300/11src/dl/v2/1/0/9/7/4/3/dTdgV/2151109743_141257451_05.jpg
93,[예약판매]NCT X 산리오타운 공식MD 3종,8000,https://cdn.011st.com/11dims/resize/300/11src/pd/v2/6/2/0/0/1/9/TxumS/4668620019_L300.jpg
94,[10만원권] 신세계백화점 상품권 카드결제가능,99000,https://cdn.011st.com/11dims/resize/300/11src/pd/v2/5/5/1/6/5/2/febZW/2325551652_L300.jpg
95,[언더라인]30%!BYC 여성팬티/위생팬티/노라인팬티/보정팬티/W존 민망방지/엉뽕팬티/나,8900,https://cdn.011st.com/11dims/resize/300/11src/dl/v2/4/1/0/1/2/5/ACcVd/1923410125_141234413_05.jpg
96,AHC 텐 레볼루션 리얼 아이크림 포 페이스 30ml K,5150,https://cdn.011st.com/11dims/resize/300/11src/pd/v2/0/6/6/5/7/0/zVwDk/4375066570_B.jpg
97,[헤라] 아쿠아볼릭 하이드로 젤 크림 대용량 출시! #신제품 #하이드로 듀 플럼핑 외 B,28810,https://cdn.011st.com/11dims/resize/300/11src/pd/v2/6/2/2/5/6/5/uTfYN/2218622565_L300.jpg
98,천하일미 홍석천 이원일 떡갈비 전통 매콤 3팩~15팩 최대 30장,9900,https://cdn.011st.com/11dims/resize/300/11src/dl/v2/4/6/3/4/8/6/yFhBl/4729463486_141259075_05.jpg
99,[에어워크서프] 2022 남여성인/아동 래쉬가드 특가전,8990,https://cdn.011st.com/11dims/resize/300/11src/dl/v2/4/4/7/2/3/8/kJreR/2384447238_141229858_05.jpg
100,스타벅스 북미 리유저블 텀블러 콜드컵 벤티 709ml 하나사면 하나 더,14900,https://cdn.011st.com/11dims/resize/300/11src/dl/22/6/3/9/7/9/3/sIHiW/2996639793_140986715_05.jpg
101,[최대 32%] 접지지원 최대 200W 고속충전기 멀티 GAN C타입 고속무선충전기 보조배터리,23800,https://cdn.011st.com/11dims/resize/300/11src/pd/v2/2/0/3/8/9/7/JhDsI/4213203897_B.jpg
102,[20%쿠폰] 미쏘 여름 BEST 클리어런스+역시즌 아우터 ~70%,10000,https://cdn.011st.com/11dims/resize/300/11src/dl/v2/0/2/0/4/2/2/EiFHH/2798020422_141240636_05.jpg
103,새부리형 KF94 100매 대형 전컬러 동일가 여름용 메디케이알 컬러마스크,17900,https://cdn.011st.com/11dims/resize/300/11src/pd/v2/4/8/0/5/1/5/lsjkp/3756480515_L300.jpg
104,"[11번가x모나리자] 올스탠다드x모나리자 화장지 모음전 / 롤화장지, 미용티슈, 키친타",11900,https://cdn.011st.com/11dims/resize/300/11src/pd/v2/4/7/0/9/1/5/RwSxv/3761470915_L300.jpg
105,[30%][네파키즈] FW 상품 입고/티셔츠/팬츠/상하세트,15000,https://cdn.011st.com/11dims/resize/300/11src/pd/v2/5/9/3/3/8/8/fCLMT/4621593388_L300.jpg
106,"[최종 26,950]잘풀리는집 3겹 명작순수 30M 30롤 2팩 /휴지/화장지/친타올",31700,https://cdn.011st.com/11dims/resize/300/11src/pd/v2/9/0/8/3/1/8/iAOcF/2290908318_L300.jpg
107,[15%+7%+T할인] 아토팜 썸머특가 수딩젤/워시 외 BEST,18900,https://cdn.011st.com/11dims/resize/300/11src/pd/v2/2/6/6/4/5/5/MNbVg/4151266455_L300.jpg
108,[즉시할인10%] 스킨푸드 NEW클렌징 3종 런칭기념 단독 기획전,14400,https://cdn.011st.com/11dims/resize/300/11src/dl/22/0/1/5/4/3/9/kxcfX/3299015439_141259119_05.jpg
109,[한율] 신상출동! 부들밤 말끔피지&깔끔각질 모공팩/다홍매실 각질토너/어린쑥 수분크,17010,https://cdn.011st.com/11dims/resize/300/11src/pd/v2/0/9/4/8/4/4/friAp/1578094844_L300.jpg
110,[오늘의 픽] 남양 로스터리R 프렌치카페 200ml 250ml 10입 20입 골라담기,22100,https://cdn.011st.com/11dims/resize/300/11src/dl/v2/2/6/7/3/7/9/GKPQJ/2418267379_141240790_05.jpg
111,하늘보리 200ml/340ml/500ml/1L/1.5L,12960,https://cdn.011st.com/11dims/resize/300/11src/pd/22/5/2/5/8/5/4/SDKxT/3969525854_B.jpg
112,아이수 샤워기 헤드 필터 세면대 주방용 싱크대 수전 정수 녹물 필터 모음전,12800,https://cdn.011st.com/11dims/resize/300/11src/dl/v2/6/9/9/6/5/2/QyAhb/2535699652_141258717_05.jpg
113,"[선물하기쿠폰가 28,410원]오아 클린이워터D 구강세정기 물치실 스마트 무선 LCD 휴대",29900,https://cdn.011st.com/11dims/resize/300/11src/dl/v2/1/6/7/1/8/1/ngvyT/3871167181_141258808_05.jpg
114,[설화수] 여름철 피부케어! 설화수로 근본부터 케어하세요! 자음생세럼 브라이트닝 외,36000,https://cdn.011st.com/11dims/resize/300/11src/dl/22/7/9/0/4/2/8/zLICi/3674790428_141232834_05.jpg
115,아우라 초고농축 섬유유연제1L 4개 럭셔리향수향,12900,https://cdn.011st.com/11dims/resize/300/11src/pd/22/0/1/3/7/3/4/BTIfQ/3761013734_B.jpg
116,[11톡10%+T11%]프로메가 오메가3 +오메가3(1박스) 프로모션(0804~0808),15900,https://cdn.011st.com/11dims/resize/300/11src/pd/v2/8/8/0/4/7/0/PPleT/1374880470_L300.jpg
117,[경남 김해] 롯데워터파크 골드시즌 종일권 (7/16~8/21),38000,https://cdn.011st.com/11dims/resize/300/11src/pd/v2/1/3/6/4/3/3/OBTBi/4678136433_B.jpg
118,[요기요] 1만원권,10000,https://cdn.011st.com/11dims/resize/300/11src/pd/v2/8/5/0/8/2/6/yRvdh/3680850826_L300.png
119,고려은단 비타민C 1000 600정 X 1개 (20개월분),47610,https://cdn.011st.com/11dims/resize/300/11src/pd/v2/9/9/5/1/8/4/ytSys/3635995184_L300.jpg
120,[홈플러스]고시히카리초밥세트 30입,12090,https://cdn.011st.com/11dims/resize/300/11src/pd/v2/4/4/5/1/5/6/nFkFF/3903445156_B.jpg
121,[20%+T11%] 네이처리퍼블릭 킹 받은 피부 고민 해결템 ~70%(선스틱/수딩젤/시카/블랙빈,10000,https://cdn.011st.com/11dims/resize/300/11src/pd/v2/4/2/1/0/3/5/SNaMO/70421035_L300.jpg
122,노티프 마인드풀니스 팔로산토 1박스 4스틱,8900,https://cdn.011st.com/11dims/resize/300/11src/dl/22/1/1/5/8/2/6/NEXHl/4693115826_141276572_05.png
123,아르떼 새부리형 여름용 KF94 국산 마스크 100매 50매 대형 소형 컬러 화이트 블랙 식,15400,https://cdn.011st.com/11dims/resize/300/11src/dl/v2/3/3/5/4/5/4/bPLvW/3306335454_141258718_05.jpg
124,[20%즉할+5%]뮬라웨어 역시즌+여름시즌/바이커팬츠/랩가디건/조거팬츠,10560,https://cdn.011st.com/11dims/resize/300/11src/pd/v2/3/5/7/7/3/8/NWyIN/2660357738_L300.jpg
125,[홈플러스]신선특란30입,7120,https://cdn.011st.com/11dims/resize/300/11src/pd/v2/9/6/0/5/3/3/kxDxX/4224960533_B.jpg
126,[T11%]닥터그루트 새치커버 샴푸 400ml+트리트먼트 150ml,39000,https://cdn.011st.com/11dims/resize/300/11src/pd/v2/9/5/7/5/0/4/Myfez/4671957504_B.jpg
127,[조정석 양배추즙] GNM자연의품격 유기농 양배추 브로콜리진액 실속구성 90ml*100포,33800,https://cdn.011st.com/11dims/resize/300/11src/pd/v2/8/4/4/9/7/8/PThlu/2374844978_B.jpg
128,반짝! 딱 3일만 한정! 필슨 신비아파트 키즈 어린이 여름용 일회용 마스크 대용량 200,29900,https://cdn.011st.com/11dims/resize/300/11src/dl/v2/5/0/4/2/5/4/hDzDW/4754504254_141258065_05.jpg
129,"[15%+중복10%] 리스테린 750ml / 250ml Best 모음 (쿨민트,그린티,토탈케어,검케어)",15940,https://cdn.011st.com/11dims/resize/300/11src/pd/v2/5/4/2/5/3/9/nEnzR/1018542539_B.jpg
130,[스마트에코]비바체플러스 대용량 120매 20팩 캡형 아기물티슈,15900,https://cdn.011st.com/11dims/resize/300/11src/pd/v2/1/1/8/3/2/2/IhjIJ/2060118322_L300.jpg
131,[20%찜+T11%+묶음] 롬앤 11번가 런칭! 모든 취향 취급 중! 밀크 그로서리 외 BEST 1+1,10000,https://cdn.011st.com/11dims/resize/300/11src/pd/v2/9/1/4/1/1/7/PoWZp/2966914117_L300.jpg
132,[카드할인] Apple Pencil(2세대) [MU8F2KH/A],154900,https://cdn.011st.com/11dims/resize/300/11src/pd/v2/0/7/5/6/1/1/NKchN/4508075611_L300.jpg
133,[엄마옷로즈맘]여름신상 인견특가405060/중년여성의류,10900,https://cdn.011st.com/11dims/resize/300/11src/dl/22/8/0/9/9/9/5/cKtgw/2818809995_141274797_05.jpg
134,밥도둑 비빔낙지젓1kg 오징어젓 반찬 낙지젓갈 오징어젓갈,12990,https://cdn.011st.com/11dims/resize/300/11src/dl/v2/5/1/1/3/6/3/XtVDE/4082511363_140719391_05.jpg
135,[홈플러스]농협프리미엄진상미10KG 포,19900,https://cdn.011st.com/11dims/resize/300/11src/pd/v2/2/7/9/1/8/7/PYFzv/4702279187_B.jpg
136,순수식품 알티지 오메가3 3박스(총6개월분) 외 영양제/비타민 모음,19900,https://cdn.011st.com/11dims/resize/300/11src/pd/v2/9/6/8/0/6/5/VwHvB/4693968065_B.jpg
137,혜택가 117만원대] 삼성전자 UHD 4K TV 176cm(70) KU70UA8070FXKR 1등급,1199000,https://cdn.011st.com/11dims/resize/300/11src/pd/v2/8/2/4/8/8/9/IFFPc/3411824889_B.jpg
138,가정용 업소용 영업용 키높이 스탠드 벽걸이 탁상용 14인치 16인치 18인치 스탠드 선풍,23900,https://cdn.011st.com/11dims/resize/300/11src/dl/v2/7/0/8/4/1/2/DbGFl/23708412_141257257_05.jpg
139,2매+1강화유리 액정필름 갤럭시S22 S21 노트20 플러스 울트라 아이폰13 프로 아이폰12,13900,https://cdn.011st.com/11dims/resize/300/11src/dl/22/7/8/0/0/6/4/MIdUY/1179780064_141233097_05.jpg
140,-[언더아머 본사]남성 UA Tech 2.0 반팔 1326413-001,24090,https://cdn.011st.com/11dims/resize/300/11src/pd/21/8/1/7/2/8/8/BNyAT/3734817288_B.jpg
141,보아르 에이블 듀얼 에어프라이어 23리터 스텐 오븐 에어프라이기 가정용 대용량,89000,https://cdn.011st.com/11dims/resize/300/11src/dl/v2/5/6/6/9/1/9/KxKEK/2928566919_141257343_05.jpg
142,[상품권 최대 35만] LG 정수기 렌탈 퓨리케어 상하좌우 스윙 냉온정수기 의무 6년,15100,https://cdn.011st.com/11dims/resize/300/11src/pd/v2/3/2/7/5/7/2/CMkRS/2428327572_L300.jpg
143,지리산 물하나 500ml 40병 생수,7900,https://cdn.011st.com/11dims/resize/300/11src/pd/v2/7/1/9/8/1/2/sBZQH/3749719812_B.jpg
144,[행필품]아이러브베베 52G 엠보싱 아기물티슈 블루 80매X20팩,13900,https://cdn.011st.com/11dims/resize/300/11src/pd/20/1/5/5/8/0/4/Tvtkq/1389155804_L300.jpg
145,[우체국쇼핑]제주 명품 수박 1+1 한정특가 +5천원 [천하일품]무공해 노지 제주 꿀수박,10900,https://cdn.011st.com/11dims/resize/300/11src/dl/v2/1/9/6/5/8/7/ulaay/4750196587_141240609_05.jpg
146,-[언더아머 본사]남성 UA 트레이닝 스트레치 쇼츠 1356858-001,25650,https://cdn.011st.com/11dims/resize/300/11src/product/3734832300/L300.jpg?348000000
147,[SOUP/비지트인뉴욕] SS&역시즌 마지막 특가! 패딩/코트/다운/자켓外,10000,https://cdn.011st.com/11dims/resize/300/11src/pd/v2/8/0/8/0/5/1/ZoJdq/1977808051_L300.jpg
148,[새부리형100매]숨지킴이 블랙/컬러/성인용/어린이용 국내생산 일회용마스크,11900,https://cdn.011st.com/11dims/resize/300/11src/pd/v2/8/7/8/2/8/9/oGoQa/3254878289_L300.jpg
149,[오늘만] 오뚜기 컵밥 톡톡김치/참치마요/차돌된장 등 6입 골라담기,17620,https://cdn.011st.com/11dims/resize/300/11src/pd/v2/5/7/8/3/8/5/FlXsc/4748578385_L300.jpg
150,[11번가 전용 기획]오뚜기 스낵면/진라면/오동통면/참깨라면 외 봉지라면 Best 구성,13690,https://cdn.011st.com/11dims/resize/300/11src/dl/v2/6/1/6/9/8/4/IKYyS/2330616984_141257477_05.jpg
151,[묶음~20%] 클럽클리오 NEW&BEST! 11번가 단독 외 ~67%,10000,https://cdn.011st.com/11dims/resize/300/11src/pd/v2/9/2/9/8/5/8/NUuUt/1466929858_L300.jpg
152,KF94 KF-AD 여름용 아이코코 마스크 비말차단 / 컬러에디션 초소형 소형 S N M L 중형,13750,https://cdn.011st.com/11dims/resize/300/11src/dl/v2/3/5/0/1/6/8/xTFUg/3307350168_140989506_05.jpg
153,갤럭시S22 S21 S20 노트 울트라 플러스 아이폰12 프로 13 11 XS 맥스 미니 SE3 SE2 액,3900,https://cdn.011st.com/11dims/resize/300/11src/dl/22/7/4/2/4/7/5/wgouj/2122742475_141269691_05.jpg
154,"하동 녹차 명란김 24봉, 36봉 - 맛있는 밥도둑, 안주도둑, 간식도둑, 선물세트 [자연향",10900,https://cdn.011st.com/11dims/resize/300/11src/pd/v2/3/1/3/4/8/0/mVXdz/4490313480_B.png
155,[요즘에]23%+20%+3천원! 라스트반값#팬츠NO.1#당일발송체크#데일리룩#휴가룩#반바지#티,9900,https://cdn.011st.com/11dims/resize/300/11src/pd/v2/9/3/7/7/9/5/OJPgi/60937795_L300.jpg
156,[동원] 동원샘물 무라벨 2L 24병 / 30병 / 36병,16890,https://cdn.011st.com/11dims/resize/300/11src/dl/v2/5/5/3/4/3/5/thurs/1360553435_141238545_05.jpg
157,[30%+T11%][세컨스킨] 1+1 심리스 언더웨어/수유브라 특가,10000,https://cdn.011st.com/11dims/resize/300/11src/pd/v2/8/5/3/9/9/8/OkpBn/1733853998_L300.jpg
158,[즉시할인10%+묶음~25%]에뛰드 순정 고객감사전(2종/수분크림/토너/폼클렌징/선크림),4500,https://cdn.011st.com/11dims/resize/300/11src/pd/v2/1/7/8/6/3/8/oJwHZ/2708178638_L300.jpg
159,[입점행사]100% 국산 전라도 열무물김치 2kg 3kg,8900,https://cdn.011st.com/11dims/resize/300/11src/pd/22/9/6/5/9/9/1/dHAEr/3480965991_B.jpg
160,[노브랜드] 숯불 데리야끼 닭꼬치 800g,10770,https://cdn.011st.com/11dims/resize/300/11src/pd/v2/9/5/0/5/1/1/lsUsk/2826950511_L300.jpg
161,[ALL STANDARD] ECO 무라벨 생수 2L / 1L / 500ML 모음전,3900,https://cdn.011st.com/11dims/resize/300/11src/pd/v2/2/6/3/8/7/5/pkAFE/3342263875_L300.jpg
162,[본사직영] 롯데칠성 탄산 트레비 300ml/ECO 350ml/500ml (레몬/라임/자몽/플레인),11900,https://cdn.011st.com/11dims/resize/300/11src/dl/v2/6/5/6/5/3/8/XCRUy/2822656538_141168213_05.jpg
163,"[티탁]시즌오프4,910원~8,910원 노마진!! 오늘놓치면끝!/팬츠/원피스/홈웨어/티셔츠/세",10900,https://cdn.011st.com/11dims/resize/300/11src/dl/22/2/6/7/2/6/3/WNhEd/4747267263_141276570_05.jpg
164,[박수홍착한]박수홍의 착한 소한마리탕 750g X 10봉,65610,https://cdn.011st.com/11dims/resize/300/11src/pd/v2/0/4/1/6/5/6/eqbGd/3516041656_B.jpg
165,참조은 국산 일회용 덴탈마스크 100매 화이트 핑크 그레이 블랙 컬러 / 대형 소형 비말,9800,https://cdn.011st.com/11dims/resize/300/11src/dl/v2/0/3/0/0/4/0/Cyokq/2960030040_141257992_05.jpg
166,KF94 블루본 컬러 / 아이노우 새부리형 마스크 초소형 소형 대형,12000,https://cdn.011st.com/11dims/resize/300/11src/pd/v2/3/6/0/4/0/2/yubIm/3487360402_L300.jpg
167,가마실농장 신옥정님의 달콤한 털복숭아 4kg,18900,https://cdn.011st.com/11dims/resize/300/11src/pd/21/2/5/1/0/7/6/Aoxvp/1069251076_L300.jpg
168,BEST11번가대표 강아지간식 네츄럴코어 애견간식 강아지껌 껌 시저 애견사사미,1980,https://cdn.011st.com/11dims/resize/300/11src/pd/v2/0/3/1/7/5/8/FKyuP/15031758_L300.jpg
169,[크록스공식점]30%쿠폰! 성인/키즈 클로그외 여름슈즈 단독가!,19900,https://cdn.011st.com/11dims/resize/300/11src/dl/v2/3/5/1/2/1/2/cedHS/1886351212_141125469_05.jpg
170,[건어물녀] 구룡포 건조 반건조 오징어 파품 1kg 원양산,16900,https://cdn.011st.com/11dims/resize/300/11src/dl/v2/4/3/5/7/0/3/JtCFE/4738435703_141258830_05.jpg
171,크리넥스 3겹 천연펄프 순수소프트 27mx30롤 2팩,31580,https://cdn.011st.com/11dims/resize/300/11src/product/4102713535/L300.jpg?358000000
172,[10%즉할+10%중복]로얄캐닌 고양이사료 베스트 모음전 4kg 10kg 인도어 키튼 에이징 유,39800,https://cdn.011st.com/11dims/resize/300/11src/pd/v2/0/6/4/6/3/1/nfxyE/3445064631_L300.jpg
173,[21년산] 이맛쌀 20kg,49410,https://cdn.011st.com/11dims/resize/300/11src/pd/22/6/9/4/8/5/9/KrHtq/2826694859_L300.jpg
174,[무료배송] 플로라 마지막시즌오프! 여름이불 시어서커 풍기인견 패드 매트/베개커버,7120,https://cdn.011st.com/11dims/resize/300/11src/pd/v2/9/3/4/5/8/6/AdsIN/2724934586_L300.jpg
175,[월튼&마리]15+20%+3개이상3% /여름 베스트/신상sale/상하복/원피스/티셔츠/팬츠外,7700,https://cdn.011st.com/11dims/resize/300/11src/pd/v2/8/2/2/3/8/3/RXaXY/292822383_L300.jpg
176,[쿠폰가169만원대][19+6평형]삼성 비스포크 멀티형 무풍에어컨 AF19A7974NZRS 전국(기,1719000,https://cdn.011st.com/11dims/resize/300/11src/pd/v2/6/4/4/1/3/0/vVVso/3383644130_L300.jpg
177,[10%중복쿠폰+T11%]T.O.P 컵커피 에스프레소 5종 300mlx10개+티오피 에코백 [컵커피/티,17220,https://cdn.011st.com/11dims/resize/300/11src/pd/v2/5/0/7/2/7/5/oHdOG/2553507275_L300.jpg
178,초록사과 1.8kg/봉,7750,https://cdn.011st.com/11dims/resize/300/11src/pd/v2/0/6/3/1/4/1/nSDik/4721063141_L300.jpg
179,케라시스 퍼퓸 샴푸/린스 980ml x3개 외~,17400,https://cdn.011st.com/11dims/resize/300/11src/pd/v2/1/1/1/7/8/3/iWMiI/1488111783_B.jpg
180,카드15%할인+사은품! 2022년 2학기 초등 인기 학습서! EBS 초등 만점왕/뿌리깊은 초등,10350,https://cdn.011st.com/11dims/resize/300/11src/pd/v2/4/6/1/3/8/4/VCxim/2132461384_B.jpg
181,30%쿠폰!국민속옷 BYC/TRY 온가족 런닝/내복/팬티/트렁크/드로즈/속옷/팬티/주니어/아,10900,https://cdn.011st.com/11dims/resize/300/11src/pd/v2/2/5/0/2/8/3/gndlY/1691250283_L300.jpg
182,썸머 바캉스 준비! 여행용파우치 보냉가방 약파우치 여행가방 여행용품,9900,https://cdn.011st.com/11dims/resize/300/11src/dl/22/9/4/5/6/4/5/AVqTH/1237945645_141258814_05.jpg
183,[헤라] 앵콜! 메이크업 클리어런스 최대 60% 외 BEST 상품전! 한정수량!,28810,https://cdn.011st.com/11dims/resize/300/11src/dl/22/1/0/4/3/7/9/VHbvX/1695104379_141234164_05.jpg
184,[20%즉시혜택]한샘 주방&생활용품/식기건조대/정리대/건조기/도마/선반/싱크대/걸이/바,10000,https://cdn.011st.com/11dims/resize/300/11src/dl/v2/3/5/1/0/2/7/zVjcZ/1361351027_140986598_05.jpg
185,쏘피 바디피트 볼록맞춤 슈퍼롱 10Px5팩+구매별 본품 추가/생리대/소형/중형/대형/오버,10900,https://cdn.011st.com/11dims/resize/300/11src/dl/v2/6/6/1/5/2/6/BwbzT/982661526_141277654_05.jpg
186,(수현이네)아침이슬 22년 첫 수확 새콤달콤 여름 햇사과 실중량 9kg,14900,https://cdn.011st.com/11dims/resize/300/11src/dl/v2/7/8/1/1/2/0/LrvHo/4646781120_141256442_05.jpg
187,[30%쿠폰+T11%] 아디다스&푸마 여름 속옷/시즌웨어 BEST,10000,https://cdn.011st.com/11dims/resize/300/11src/pd/v2/3/8/4/0/8/3/vvcIt/2044384083_L300.jpg
188,[프리메라] 무더운 여름 프리메라로 쿨하게 칠링하자! 프리메라X 헬리녹스 리미티드 외,19010,https://cdn.011st.com/11dims/resize/300/11src/pd/v2/5/1/3/6/8/5/dYZKB/2096513685_L300.jpg
189,1+1+1 펜스 고속충전 케이블 충전기 USB_C타입/8핀/5핀/핸드폰/휴대폰/급속충전/라이트,5900,https://cdn.011st.com/11dims/resize/300/11src/dl/22/1/1/3/7/9/2/YAlZY/1409113792_141238649_05.jpg
190,"[혜택가175,000원/AS 2년+장착무료] 파인뷰 X950 파워 F/F Wi-Fi 2채널 블랙박스 64GB",175000,https://cdn.011st.com/11dims/resize/300/11src/dl/v2/3/3/1/4/2/2/dhoZb/3957331422_141278102_05.jpg
191,보아르 모아M1000 미니 공기청정 제습기 소형 원룸 결로 화장실 습기제거,59000,https://cdn.011st.com/11dims/resize/300/11src/dl/v2/9/2/1/4/3/6/bvSoJ/2388921436_141259231_05.jpg
192,"[캔마트]편하게 예쁜 데일리룩, 믿고사는 캔마트 NEW & HOT upto35%+추가15%",14900,https://cdn.011st.com/11dims/resize/300/11src/dl/v2/9/2/1/9/0/1/YhqtN/1929921901_141258852_05.jpg
193,"[최종가 8,600원~][1 + 1] 메디폼 여드름패치 트러블패치 흉터연고 진물 상처 습윤 밴",9550,https://cdn.011st.com/11dims/resize/300/11src/dl/22/0/3/8/5/4/4/JFvzQ/4536038544_141276755_05.jpg
194,[10%중복쿠폰+T11%]동서 맥심 카누미니 마일드/다크 240T+패들포인트 [커트러리/원터치,42110,https://cdn.011st.com/11dims/resize/300/11src/dl/v2/5/6/3/6/2/2/YOxbA/1701563622_141259287_05.png
195,샌디스크 USB 메모리 3.0 3.1 2.0 C타입 대용량 OTG 8 16 32 64 128 256 512 기가,7500,https://cdn.011st.com/11dims/resize/300/11src/dl/v2/5/0/0/0/2/0/jLgtr/7500020_140981199_05.jpg
196,[오케이베이비] 물샘방지 히포 샴푸캡_디자인 선택 SNS히트템,12070,https://cdn.011st.com/11dims/resize/300/11src/pd/v2/1/8/2/3/5/8/JPtdi/4302182358_B.jpg
197,[T멤11%+중복10%][미니언즈기획팩]동서 맥심 모카골드 / 화이트골드 400T+미니언즈선풍,52820,https://cdn.011st.com/11dims/resize/300/11src/pd/v2/6/8/7/0/1/7/TAxrF/1412687017_B.jpg
198,[언더아머 본사]UA 스포츠마스크 페더웨이트 1372228-001,20190,https://cdn.011st.com/11dims/resize/300/11src/pd/21/1/0/9/2/7/1/Akyzf/3761109271_B.jpg
199,"[15%+중복10%] 아비노베이비 바스,샴푸,로션,크림,립밤 유아스킨케어 Best",29270,https://cdn.011st.com/11dims/resize/300/11src/pd/v2/4/4/0/0/8/6/geYHd/986440086_B.jpg
200,베베숲 시그니처 그린 캡형 70매X20팩,30700,https://cdn.011st.com/11dims/resize/300/11src/product/4169174712/L300.jpg?868000000
201,완도 활 전복1kg 12-14미 횟감용 몸보신용 전복 특대전복+ 세척솔 증정 / VIP선물용,32900,https://cdn.011st.com/11dims/resize/300/11src/dl/v2/7/9/4/3/6/9/zfaBh/2043794369_141258263_05.jpg
202,[45% 할인]줄리샵/시즌오프/라스트세일/티셔츠/원피스/여행룩/데일리룩,13900,https://cdn.011st.com/11dims/resize/300/11src/pd/v2/9/5/1/9/2/3/rsrna/3454951923_L300.jpg
203,오늘반찬은 신선한란 30알,7210,https://cdn.011st.com/11dims/resize/300/11src/product/3369951202/L300.jpg?499000000
204,[본사직영] 델몬트 드링크팩 190mlx48팩 (4종),13900,https://cdn.011st.com/11dims/resize/300/11src/dl/v2/7/3/3/9/3/4/ZQsFT/3121733934_141168296_05.jpg
205,[기프티콘] 키움증권 포켓금융상품권 100000원권,100000,https://cdn.011st.com/11dims/resize/300/11src/pd/v2/2/4/3/6/2/7/KaDII/4281243627_L300.jpg
206,[GIFT +] 좋은느낌 생리대 중형 대형 수퍼롱 오버나이트 팬티라이너 입는오버나이트,9900,https://cdn.011st.com/11dims/resize/300/11src/pd/v2/0/5/7/6/9/6/UcBIc/704057696_L300.jpg
207,바른 곡물효소 2박스(총60포) 누룽지맛 역가수치 포당 31만,18770,https://cdn.011st.com/11dims/resize/300/11src/dl/v2/4/7/9/7/6/9/ZwVyt/3331479769_141277035_05.jpg
208,미트리 닭가슴살/볶음밥 BEST100 골라담기,890,https://cdn.011st.com/11dims/resize/300/11src/pd/v2/8/4/8/4/9/5/usMED/1954848495_L300.jpg
209,노브랜드 굿모닝 굿밀크 1L,1550,https://cdn.011st.com/11dims/resize/300/11src/pd/22/4/0/0/9/5/6/YYWDQ/4006400956_L300.jpg
210,1 + 1 프리미엄 방수팩 IPX8등급 스마트폰 물놀이 워터파크 방수케이스 암밴드 포함,8500,https://cdn.011st.com/11dims/resize/300/11src/dl/v2/1/3/6/2/5/0/HTfjQ/2866136250_141233857_05.jpg
211,"[로지텍코리아]로지텍 MK295 SILENT 무소음 무선 콤보[블랙,화이트]",34900,https://cdn.011st.com/11dims/resize/300/11src/pd/v2/8/2/2/3/5/2/cYCBT/3097822352_L300.jpg
212,[25%즉시+10%중복쿠폰]헹켈 인기상품 모음전(4스타 5스타 칼 가위 칼갈이 블럭세트 주,42980,https://cdn.011st.com/11dims/resize/300/11src/pd/v2/6/0/6/4/7/3/GEbyY/609606473_L300.jpg
213,(8/7~8/10일!! 즉할15% 찜10%추가) [키펀트] 여름샌들 클리어런스 미리 만나는 가을구,14900,https://cdn.011st.com/11dims/resize/300/11src/pd/v2/9/1/2/7/0/9/lEtFK/1546912709_B.jpg
214,[30%쿠폰+T11%]푸마 여성 노와이어 브라/팬티/브라탑 단품 1종,12900,https://cdn.011st.com/11dims/resize/300/11src/dl/v2/1/3/8/8/5/6/oNowP/4259138856_140993066_05.jpg
215,추가 즉시 35% [에스콰이아] 품절임박! 가방 BEST 새들백/에코백/크로스백/미니백 외,15000,https://cdn.011st.com/11dims/resize/300/11src/dl/22/0/2/2/2/6/2/QbvVL/2350022262_141276491_05.jpg
216,닌텐도 스위치 포켓몬스터 소드 (당일발송),54380,https://cdn.011st.com/11dims/resize/300/11src/pd/v2/9/8/5/4/0/6/SWQXD/4255985406_B.jpg
217,[15%][TRY] 아동팬티 10매 sale/아동속옷/런닝/세트/주니어/유아/여아/남아/드로즈/사,9900,https://cdn.011st.com/11dims/resize/300/11src/dl/v2/5/7/8/9/4/3/aoMao/65578943_140983676_05.jpg
218,[30%쿠폰]리얼코코 썸머클리어런스/원피스/티셔츠/팬츠/반바지/셔츠/55~100사이즈/데일,14900,https://cdn.011st.com/11dims/resize/300/11src/pd/v2/4/0/3/7/6/3/rIvWG/4700403763_L300.jpg
219,콜핑 여름 냉감 하이쿨 티셔츠/팬츠/조끼/샌들+트레킹화/쿨링용품 모음전,10500,https://cdn.011st.com/11dims/resize/300/11src/dl/v2/2/0/5/7/2/2/HKpdn/1365205722_140994222_05.jpg
220,순수식품 300달톤 진짜 석류 어린 저분자 피쉬 콜라겐 젤리 3박스,24900,https://cdn.011st.com/11dims/resize/300/11src/pd/v2/2/4/1/6/7/9/KyUuk/2801241679_L300.jpg
221,블랙빈스/당일로스팅/원두커피/500gx2/총1kg/무/료/배/송 사 음 품 증 정,9300,https://cdn.011st.com/11dims/resize/300/11src/dl/22/2/3/7/1/2/7/cBnqH/1305237127_139407993_05.jpg
222,[특가찬스/빅사이즈보유] 테슬라 남성 여성 아동 키즈 래쉬가드 수영복 수영반바지 바,10800,https://cdn.011st.com/11dims/resize/300/11src/pd/v2/7/0/9/1/4/4/LFykA/1512709144_L300.jpg
223,아모스 녹차실감 산뜻한 타입 지성 모발용 샴푸 500g,14690,https://cdn.011st.com/11dims/resize/300/11src/pd/v2/6/2/0/9/8/4/eISDl/4730620984_B.jpg
224,"[15%쿠폰＋T11%]비너스 외 신상 잠옷, 브라팬티 세트",10000,https://cdn.011st.com/11dims/resize/300/11src/pd/v2/0/3/7/5/6/3/pUcWR/2046037563_L300.jpg
225,오아 원에어 무선 종아리 부종 안마기 공기압 마사지기 다리 마사지기 부모님선물,29900,https://cdn.011st.com/11dims/resize/300/11src/dl/v2/6/8/9/5/4/4/nygMO/2990689544_141238535_05.jpg
226,[노브랜드] 숯불매콤닭꼬치 800g,11570,https://cdn.011st.com/11dims/resize/300/11src/pd/v2/8/5/9/9/7/0/azabY/2826859970_L300.jpg
227,[5만원권] 해피머니 온라인상품권 카드결제가능,47500,https://cdn.011st.com/11dims/resize/300/11src/pd/21/5/9/0/4/4/6/XtDgy/2770590446_L300.jpg
228,"21년산 밥맛좋은 경기미 쌀10kg/20kg 당일도정, 특등급 #명성미곡직영",25500,https://cdn.011st.com/11dims/resize/300/11src/dl/v2/4/5/9/2/2/9/VIdEy/2925459229_141230543_05.jpg
229,(Gfish인증)국내산 초벌 민물 장어 구이 1kg(500~520g) 세트 직판 2-3인분 밀키트(소스,28900,https://cdn.011st.com/11dims/resize/300/11src/dl/v2/8/9/0/0/5/5/DZTbW/4189890055_141258953_05.jpg
230,[+24시간 특가] 닥터지 선 빅세일! 外 BEST 바캉스특가+100%환불이벤트,22000,https://cdn.011st.com/11dims/resize/300/11src/pd/v2/5/8/9/4/2/9/yxvIN/1686589429_B.jpg
231,[BEST]스마트에코 베이직 캡형물티슈 100매X20팩 아기물티슈,14900,https://cdn.011st.com/11dims/resize/300/11src/pd/20/7/8/5/5/0/1/pTqtI/1202785501_L300.jpg
232,[빈폴]단독위크! 아울렛 FW역시즌+SS간절기~52%OFF+10%+10%+10%혜택,20500,https://cdn.011st.com/11dims/resize/300/11src/pd/v2/7/7/4/5/2/2/qMdeF/3744774522_L300.jpg
233,오아 스퀘어 미니 탁상용 무선 캠핑 USB 휴대용 선풍기 WHITE,14900,https://cdn.011st.com/11dims/resize/300/11src/pd/v2/2/9/8/9/3/0/PzDLZ/4306298930_L300.jpg
234,[30%][KARRA] S/S시즌오프 BEST100종 모음 티셔츠/원피스/블라우스/스커트/팬츠 외,15900,https://cdn.011st.com/11dims/resize/300/11src/dl/v2/1/8/4/6/7/0/BFPDO/2264184670_141219504_05.jpg
235,[중복10%+묶음10%] 한예리 PICK! 바캉스키트 외 썸머 스킨케어 최대 52%,17000,https://cdn.011st.com/11dims/resize/300/11src/dl/v2/0/3/6/4/7/2/NJjIl/3251036472_141257426_05.jpg
236,[찬우물] 파김치2kg 1개,23000,https://cdn.011st.com/11dims/resize/300/11src/pd/v2/0/3/4/8/9/1/AIquy/2585034891_L300.jpg
237,[모노시크] 50%+추가20% 추가 여름 시즌오프 데일리 티셔츠/민소매/블라우스/남방/세트,9900,https://cdn.011st.com/11dims/resize/300/11src/dl/v2/7/1/5/1/2/0/jvKKz/3525715120_141221568_05.jpg
238,[착한구두] 10+20 여름 인기 신상 샌들/슬리퍼/워터슈즈/슬링백 38종,9810,https://cdn.011st.com/11dims/resize/300/11src/dl/v2/8/0/1/8/1/6/JvCUZ/1835801816_141221781_05.jpg
239,아레나수경(AMAAG61)수영용품 수모 귀마개 물안경,19800,https://cdn.011st.com/11dims/resize/300/11src/pd/v2/9/8/5/6/3/4/RmRmh/1443985634_L300.jpg
240,[10%+20%]SOVO 여름 Best! 여성샌들 슬리퍼 뮬 쪼리 단화 웨지 스트랩 통굽 정장 캐쥬,20610,https://cdn.011st.com/11dims/resize/300/11src/dl/22/3/4/9/9/9/5/WczPf/1736349995_141259016_05.jpg
241,CJ 햇반 210g 36입 / 잡곡밥 24입,38740,https://cdn.011st.com/11dims/resize/300/11src/pd/v2/0/7/6/5/3/8/Ycsgo/3901076538_L300.jpg
242,바디럽 퓨어썸 필터샤워기/시그니처 신제품/세면대용/주방용/필터모음전,13270,https://cdn.011st.com/11dims/resize/300/11src/dl/v2/9/2/6/7/4/2/zevGA/2267926742_141258362_05.png
243,[탐라왕] 제주 미니밤호박 2kg 3kg 5kg #보우짱,10900,https://cdn.011st.com/11dims/resize/300/11src/dl/v2/2/3/2/1/1/5/oyVsG/2963232115_141256927_05.jpg
244,[로지텍코리아] K380 무선 블루투스 멀티 키보드 /키스킨,31900,https://cdn.011st.com/11dims/resize/300/11src/dl/v2/2/5/3/6/6/1/cLLNa/1903253661_141238137_05.jpg
245,"버팔로 정품 국산 파르벤, 성형 구명조끼 1＋1/네오프렌 부력보조복 아동/물놀이용품",39900,https://cdn.011st.com/11dims/resize/300/11src/pd/v2/0/4/6/0/9/1/RxJWc/4306046091_B.jpg
246,[쌀가게][주문폭증으로 순차적 출고 예정] [2021년 햅쌀] 쌀가게 수향미 (상등급)10k,27040,https://cdn.011st.com/11dims/resize/300/11src/pd/v2/8/3/5/7/5/6/OBUzo/3942835756_L300.jpg
247,오뚜기 소컵 열라면/스낵면/진짬뽕/참깨라면 30개,21500,https://cdn.011st.com/11dims/resize/300/11src/pd/v2/2/8/3/7/2/1/UIyng/4599283721_L300.jpg
248,[시크루즈] 50%+추가20% 시즌오프 루즈핏 롱원피스/상하세트/점프슈트/롱티셔츠/가디건,9400,https://cdn.011st.com/11dims/resize/300/11src/dl/v2/3/6/9/8/6/2/gbPMV/3204369862_141125209_05.jpg
249,[브라이트스타트] 유아 수입완구 모음 베이비아인슈타인 디즈니 아기장난감,31900,https://cdn.011st.com/11dims/resize/300/11src/dl/v2/3/8/1/5/2/9/SxHVk/2240381529_140377328_05.jpg
250,[ALL STANDARD]고중량 30수 뱀부얀 호텔수건 5/10장#국내생산#무형광#보들보들#대나무,17900,https://cdn.011st.com/11dims/resize/300/11src/dl/22/2/8/5/1/7/1/wOIps/4445285171_140986601_05.jpg
251,[ALL STANDARD] 라텍스 니트릴장갑 100매 무분말 식품용 화이트/ 블랙 / 블루 / 캠핑,6990,https://cdn.011st.com/11dims/resize/300/11src/dl/22/2/4/0/3/3/6/JjfYY/4020240336_140992978_05.jpg
252,청정원 스파게티 파스타 소스 3병+스파게티면 250g 1개 로제 투움바 토마토 까르보나라,12400,https://cdn.011st.com/11dims/resize/300/11src/dl/v2/5/8/1/8/0/0/sNZNp/2529581800_140763173_05.jpg
253,"CLA 슬림핏 KF94 데일리 새부리형 컬러마스크 (25매, 50매 / 대형 중형 소형)",13450,https://cdn.011st.com/11dims/resize/300/11src/dl/v2/9/0/2/3/7/0/ugIIe/3442902370_141219736_05.png
254,[로지텍 코리아]로지텍MK235 무선 키보드 마우스 세트,18900,https://cdn.011st.com/11dims/resize/300/11src/pd/v2/7/6/3/5/9/0/ovWRv/1449763590_L300.jpg
255,[제주농협] 제주 미니단호박 3kg~7kg #보우짱,13900,https://cdn.011st.com/11dims/resize/300/11src/dl/22/8/2/7/3/4/0/DjjYV/2471827340_140740421_05.jpg
256,[사세 본사직영] 사세 버팔로 윙 플러스 1kg,12760,https://cdn.011st.com/11dims/resize/300/11src/pd/v2/2/8/2/0/8/9/yxOrv/4508282089_B.jpg
257,삼성 3도어 냉장고 메탈실버 RS84T5071SL (846L) 태리몰(지역별상이),1029100,https://cdn.011st.com/11dims/resize/300/11src/pd/v2/0/8/3/4/4/2/yzOFl/4573083442_B.jpg
258,서래푸드 아몬드 1kg 구운아몬드 캐슈넛 호두1/4태 21년산,10600,https://cdn.011st.com/11dims/resize/300/11src/dl/v2/3/1/6/1/8/0/ZziJG/3442316180_141240781_05.jpg
259,[1+1+1] 케피버블 클렌저 인기상품 모음,18900,https://cdn.011st.com/11dims/resize/300/11src/pd/v2/5/8/3/4/3/2/IUPUJ/2832583432_L300.jpg
260,쏜리서치 종합비타민 1+1 60캡슐 투퍼데이 기초영양소,58500,https://cdn.011st.com/11dims/resize/300/11src/dl/v2/5/0/6/9/5/4/wVDEg/3832506954_140107051_05.jpg
261,마미스 베이킹소다 액체세제 중성세제 3L 4개,16900,https://cdn.011st.com/11dims/resize/300/11src/pd/21/6/8/1/4/6/3/LUTxM/2062681463_L300.jpg
262,[아이허브] 베스트셀러 모음! 비타민 유산균 오메가3 캘리포니아골드 나우푸드 자로우,27900,https://cdn.011st.com/11dims/resize/300/11src/pd/v2/5/7/0/4/2/8/CQqLm/2835570428_L300.jpg
263,너트한줌 50입 외 #하루견과 #한줌견과 #요거트 #프리미엄 #브라질넛 #치즈,20890,https://cdn.011st.com/11dims/resize/300/11src/pd/v2/9/1/2/1/2/8/ejDyg/4454912128_B.jpg
264,실크테라피 클래식 에디션 에센스 150ml,10400,https://cdn.011st.com/11dims/resize/300/11src/product/3682591527/L300.jpg?809000000
265,[ALL STANDARD] 습기제거제 525ml×18개/24개/ 습기제거 제습제,14900,https://cdn.011st.com/11dims/resize/300/11src/pd/v2/3/7/2/9/3/1/uVHOV/4309372931_L300.jpg
266,New슈가버블 친환경 주방세제 대용량2.5L 2개 1종 주방세제,12900,https://cdn.011st.com/11dims/resize/300/11src/pd/v2/1/2/9/1/2/0/LVpZj/3977129120_L300.jpg
267,[홈쇼핑인증] 문경 자일로스 순 오미자 원액 1L /문경오미자청,14800,https://cdn.011st.com/11dims/resize/300/11src/dl/v2/6/6/5/0/2/4/XBPAN/4422665024_141258768_05.jpg
268,[5만원권] 컬쳐랜드 상품권 카드결제가능 문화상품권 문상,47500,https://cdn.011st.com/11dims/resize/300/11src/pd/21/8/7/5/2/3/8/lCcsI/3294875238_L300.jpg
269,[고래마스크 공식] 컬러 중형/대형 트러블제로 연베이지 1박스 50매,13600,https://cdn.011st.com/11dims/resize/300/11src/pd/v2/0/8/6/6/5/6/UaICu/3130086656_L300.jpg
270,[중복쿠폰10%] 아이클리어 루테인 지아잔틴 3박스 외 건강식품 모음,41900,https://cdn.011st.com/11dims/resize/300/11src/dl/v2/9/7/3/1/0/2/pNNIA/1489973102_140992856_05.jpg
271,폴로랄프로렌/타미/스투시外 남여공용 반팔티 최.저.가.세.일,20280,https://cdn.011st.com/11dims/resize/300/11src/dl/v2/8/2/8/1/7/9/JFwdJ/3664828179_141240420_05.jpg
272,[25%]네파 역대급 혜택전! 11번가 단독 상품 + BEST 반팔/역시즌/팬츠 外 100종,15700,https://cdn.011st.com/11dims/resize/300/11src/dl/v2/3/2/7/6/1/7/rMgkX/4618327617_141258670_05.jpg
273,30%쿠폰! DOSSY도씨 여름신상/잠옷/홈웨어/파자마/카카오프렌즈잠옷/반팔/원피스/커플,9900,https://cdn.011st.com/11dims/resize/300/11src/pd/v2/8/4/9/7/9/6/oyZFu/2852849796_L300.jpg
274,샤프란 꽃담초 연꽃 리필 1.6L x4개,21900,https://cdn.011st.com/11dims/resize/300/11src/pd/21/8/4/0/9/6/9/eNdxo/3956840969_L300.jpg
275,[20%+10%+T11%] 라이프넷 샴푸&바디워시 배송비체험가! 미팩토리/바디홀릭~73%+본품증,13900,https://cdn.011st.com/11dims/resize/300/11src/pd/v2/5/4/9/6/5/3/LtGHF/2994549653_L300.jpg
276,T멤버십15%+2권이상선물) 디딤돌 초등 수학 기본 응용 최상위 S 문제 유형 원리 초등학,11700,https://cdn.011st.com/11dims/resize/300/11src/product/3268238862/L300.jpg?95000000
277,[아침이슬사과]22년 첫 수확 햇 여름사과 썸머킹/아오리 2개 구매시 추가1kg 덤으로,12900,https://cdn.011st.com/11dims/resize/300/11src/dl/v2/0/1/3/0/2/6/OggVq/1102013026_140938025_05.jpg
278,"김나운 직화 떡갈비 16팩(16장)/26팩(26장)/36팩(36장) 골라담기 (1팩당 1장, 80g)",20900,https://cdn.011st.com/11dims/resize/300/11src/pd/20/0/2/2/5/0/2/Egxkp/1709022502_L300.jpg
279,[로지텍코리아] [정품] M221 무소음 무선 마우스 /칸타타 커피 기프티콘,13900,https://cdn.011st.com/11dims/resize/300/11src/dl/v2/1/5/2/2/2/5/dCFDE/1598152225_141238151_05.jpg
280,[21년산] 이맛쌀 10kg_상등급,24660,https://cdn.011st.com/11dims/resize/300/11src/pd/v2/1/6/4/4/2/3/NGzNr/2856164423_L300.jpg
281,써니워터 스트라이프 해먹 튜브 물놀이튜브 보트 수영용품 대형 라운지튜브 에어베드,11900,https://cdn.011st.com/11dims/resize/300/11src/pd/21/6/1/0/3/4/6/RSbnR/2916610346_L300.jpg
282,무 료 배 송 500gx2 총1kg/신선한 원두커피 / 사 은 품 증 정,9200,https://cdn.011st.com/11dims/resize/300/11src/pd/21/0/6/6/2/2/7/quLOP/1523066227_L300.jpg
283,팸퍼스 베이비드라이 팬티형 3~6-7단계 2박스(8팩),109800,https://cdn.011st.com/11dims/resize/300/11src/dl/v2/1/1/1/3/3/7/JzrkQ/2045111337_141258632_05.jpg
284,한국투자증권 온라인 금융상품권 5만원권,50000,https://cdn.011st.com/11dims/resize/300/11src/pd/v2/4/3/6/6/0/0/mnXMZ/4534436600_L300.jpg
285,[7차예약판매] 임영웅 공식굿즈/ 임영웅 굿즈 / 영웅시대 팬클럽 굿즈/ 8월 3일 순차배,25000,https://cdn.011st.com/11dims/resize/300/11src/pd/v2/5/6/3/6/8/8/LpBmq/4668563688_L300.jpg
286,"+최종혜택 138,330+ 삼성전자 SL-J1780DW 잉크젯복합기 잉크포함 무선연결 지원 자동급",126740,https://cdn.011st.com/11dims/resize/300/11src/dl/22/8/6/9/5/9/7/IUaab/3974869597_141276927_05.jpg
287,[20%+T11%+증정] 바닐라코 휴가철 선케어 특가 / ~68% OFF 썸머세일 NEW&BEST (클린잇,12500,https://cdn.011st.com/11dims/resize/300/11src/pd/v2/1/9/8/1/7/9/DiNHd/2273198179_L300.jpg
288,종근당 비타민C 1000mg 600정 정품 고함량비타민씨,27500,https://cdn.011st.com/11dims/resize/300/11src/pd/20/5/0/1/7/7/4/hgubs/3069501774_B.jpg
289,종근당건강 슈퍼비젼 멀티비타민 12개월분 비타민미네랄19종 종합 츄어블,29800,https://cdn.011st.com/11dims/resize/300/11src/pd/21/9/2/1/1/4/2/vPPqk/31921142_L300.jpg
290,[카드할인] AirPods(3세대) [MME73KH/A],214140,https://cdn.011st.com/11dims/resize/300/11src/pd/v2/4/0/1/2/4/0/wIQLG/4498401240_L300.jpg
291,반찬천국 가정식반찬 80종 골라담기 밑반찬 김치 국,2350,https://cdn.011st.com/11dims/resize/300/11src/am/1/0/4/5/4/9/1503104549_L300.jpg
292,[불스원] 빗물을 튕겨주는 발수와이퍼 (운전석+조수석),14400,https://cdn.011st.com/11dims/resize/300/11src/pd/v2/6/4/9/4/8/6/AFCsF/1986649486_L300.jpg
293,[홈플러스]온가족양념소불고기1kg,13860,https://cdn.011st.com/11dims/resize/300/11src/pd/v2/2/5/6/8/7/9/Flmln/4646256879_B.jpg
294,[노브랜드][냉동] 차돌박이 바로구이 소고기 (600g),17530,https://cdn.011st.com/11dims/resize/300/11src/pd/21/4/7/9/1/7/8/rsbqj/2826479178_L300.jpg
295,프롬바이오 관절연골엔 보스웰리아 850mg x 30정_TU,17250,https://cdn.011st.com/11dims/resize/300/11src/pd/v2/8/1/5/0/0/8/FzKps/4535815008_B.jpg
296,[언더아머 본사]남성 UA 차지드 어서트 9 러닝화 3024590-003,56530,https://cdn.011st.com/11dims/resize/300/11src/pd/22/3/6/2/5/5/4/KJyoo/4084362554_B.jpg
297,[냉동][스페인산] 항정살 (800g),18320,https://cdn.011st.com/11dims/resize/300/11src/pd/v2/8/9/3/2/7/7/HihMu/4359893277_L300.jpg
298,[행필품]미엘 클래식 캡형 100매 20팩 물티슈 평량 50g 도톰 대용량 우체국택배,23900,https://cdn.011st.com/11dims/resize/300/11src/dl/v2/2/1/5/5/5/8/WriVd/2114215558_139596307_05.jpg
299,[동원] 라이트참치85gx14캔(외 고추참치/참치콘)+상상육포/양반밥/사골곰탕,21600,https://cdn.011st.com/11dims/resize/300/11src/pd/v2/4/3/7/9/0/3/oMWtk/3125437903_B.jpg
300,[조정석양배추즙]GNM자연의품격 유기농 양배추즙/석류즙/도라지배즙/호박/비트 100포,39510,https://cdn.011st.com/11dims/resize/300/11src/product/1978844281/L300.jpg?484000000
301,"[데이뮤즈]30%쿠폰 클리어런스 6,930원부터~ 블라우스/원피스/슬랙스/팬츠/트레이닝세",9900,https://cdn.011st.com/11dims/resize/300/11src/pd/v2/9/3/1/1/4/2/PFXZT/4696931142_L300.jpg
302,[지오다노주니어] 22S/S 여름 파이널 세.일 ~70% OFF,10000,https://cdn.011st.com/11dims/resize/300/11src/pd/v2/9/2/6/7/5/5/BTILL/3452926755_L300.jpg
303,15%+15%+사은품 2022년 2학기 우등생해법 시리즈/백점맞는 시리즈/우공비 문제집/동아,37800,https://cdn.011st.com/11dims/resize/300/11src/dl/22/2/2/4/1/8/4/GfDdT/1424224184_140939228_05.jpg
304,[ALL STANDARD]100매 KF94 황사방역 마스크 2D/덴탈형/대형/국내생산/덴탈마스크/무형,12900,https://cdn.011st.com/11dims/resize/300/11src/dl/22/6/0/0/5/2/6/uztmU/3695600526_141256703_05.jpg
305,[10% 중복할인+T멤버쉽 11%]카누 다크 /마일드/라이트 미니 120T 또는 랜덤+패들포인트,22770,https://cdn.011st.com/11dims/resize/300/11src/dl/v2/1/2/0/7/0/6/czmSa/1314120706_141258960_05.jpg
306,오리온 포카칩66gX8봉/초코파이/카스타드/초코칩/다이제볼/고래밥/꼬북칩/과자선물,11780,https://cdn.011st.com/11dims/resize/300/11src/pd/22/7/0/0/8/2/8/GItxA/4061700828_B.jpg
307,[아이팜] 이지두잉 베이비 포티 유아변기 아기변기 유아소변기,23900,https://cdn.011st.com/11dims/resize/300/11src/pd/v2/6/5/7/9/1/5/bOdKR/2072657915_L300.jpg
308,[8월브랜드위크대표상품]한샘 디퍼 베이직/오가닉 토퍼 매트리스 SS/메모리폼 토퍼 모,107870,https://cdn.011st.com/11dims/resize/300/11src/dl/v2/9/0/0/4/1/9/bLlgp/1942900419_141259558_05.jpg
309,밥도둑 프리미엄 명란젓 1kg 젓갈 모음 청정 속초 찬예찬,13900,https://cdn.011st.com/11dims/resize/300/11src/dl/22/8/3/0/3/4/3/pgdDr/114830343_139432593_05.jpg
310,30%쿠폰!모스트맘 국민 냉장고잠옷/마약잠옷/인견바지/커플잠옷/파자마 세트/주니어 잠,10900,https://cdn.011st.com/11dims/resize/300/11src/dl/v2/2/0/6/2/3/9/uihbW/1949206239_141230974_05.jpg
311,찬우물김치 열무김치3kg,10900,https://cdn.011st.com/11dims/resize/300/11src/dl/v2/1/8/8/1/9/9/wrdsL/4383188199_141230914_05.jpg
312,에어워크서프 2022 남성 래쉬가드/보드숏 특가,8990,https://cdn.011st.com/11dims/resize/300/11src/dl/v2/4/0/1/0/5/3/kMxeN/2491401053_141229885_05.jpg
313,대상웰라이프 뉴케어 구수한맛 200mlx60팩(2박스) 환자식 환자 영양식,87800,https://cdn.011st.com/11dims/resize/300/11src/pd/v2/3/8/8/4/0/6/XrGTf/3697388406_B.jpg
314,"[최대 혜택가 6,900원~]에그쏙 계란 트레이 외 38종 주방 수납용품",9850,https://cdn.011st.com/11dims/resize/300/11src/dl/v2/6/9/0/8/0/1/TQOfS/1352690801_141234229_05.jpg
315,[마운티아] 썸머클리어런스 베스트 인기상품 96%OFF 티셔츠/팬츠외,10000,https://cdn.011st.com/11dims/resize/300/11src/dl/v2/1/0/5/6/3/5/GBHUy/3977105635_141125787_05.jpg
316,[단독]NCT X 산리오타운 공식MD_유리컵 포토카드 SET,22000,https://cdn.011st.com/11dims/resize/300/11src/pd/v2/2/8/4/3/0/2/Ayrji/4587284302_L300.jpg
317,[내일설치] LG 통돌이세탁기 TR16WK 일반세탁기 16kg 스마트 인버터모터,503000,https://cdn.011st.com/11dims/resize/300/11src/pd/v2/5/8/5/7/1/9/WyqtP/4239585719_L300.jpg
318,[허닭본사] 곤약볶음밥/잡곡밥도시락/닭가슴살 모음전,2600,https://cdn.011st.com/11dims/resize/300/11src/dl/v2/9/9/5/4/0/6/uNExV/1300995406_140858945_05.jpg
319,에어데이즈 KF94 새부리형 마스크 50매 100매 소형 대형 특대형 2D 국내생산 KF-AD 컬,29000,https://cdn.011st.com/11dims/resize/300/11src/dl/22/9/3/8/3/2/1/QeNbC/3311938321_141240312_05.jpg
320,SD카드 128GB 티피링크 홈캠 무선 홈 카메라 CCTV용,19900,https://cdn.011st.com/11dims/resize/300/11src/pd/21/3/3/4/3/3/8/dWCAo/4038334338_L300.jpg
321,인셀덤 5종세트 리뉴얼 부스터+세럼+크림+오일미스트+카밍젤,143500,https://cdn.011st.com/11dims/resize/300/11src/pd/21/6/9/9/1/2/7/jvBMm/3685699127_L300.jpg
322,[다향] 훈제오리 200g 8팩+1팩 (총 9팩),28710,https://cdn.011st.com/11dims/resize/300/11src/pd/v2/2/2/3/8/9/5/NlAig/4674223895_B.jpg
323,[아모레퍼시픽] 일리윤 세라마이드 크림 로션 모음,16860,https://cdn.011st.com/11dims/resize/300/11src/dl/22/4/3/0/4/6/5/jAvSy/1335430465_141257365_05.jpg
324,[당도선별] 아삭한 복숭아 1.5kg (박스),24060,https://cdn.011st.com/11dims/resize/300/11src/pd/v2/1/1/1/9/9/2/vMbXZ/2827111992_L300.jpg
325,[얼짱쭈꾸미]얼짱양념쭈꾸미/650g,13900,https://cdn.011st.com/11dims/resize/300/11src/dl/19/6/9/9/0/3/1/dirNT/744699031_129000580.png
326,illy 일리머신 전용 싱글 커피캡슐 7종 맛선택 총100캡슐,59900,https://cdn.011st.com/11dims/resize/300/11src/pd/v2/0/8/9/1/2/8/ABsgA/4118089128_B.jpg
327,스위스런 워터슈즈 남자 여자 키즈 스킨 아쿠아슈즈,14200,https://cdn.011st.com/11dims/resize/300/11src/pd/v2/1/3/8/8/1/6/bTZcU/2066138816_L300.jpg
328,아큘레틱 커플 아쿠아슈즈 공용 스킨슈즈,9900,https://cdn.011st.com/11dims/resize/300/11src/dl/v2/7/5/6/2/8/8/YxhTm/1407756288_140740558_05.jpg
329,[페이지플린] 30%쿠폰 SS시즌 마지막 특가! 블라우스/원피스/팬츠 外,10000,https://cdn.011st.com/11dims/resize/300/11src/pd/v2/0/3/6/9/5/3/Klbiy/2853036953_L300.jpg
330,5900원/무배특가(하루 두 장) 초등 속담/격언/관용어/맞춤법/한자/고사성어/낱말퍼즐/,5900,https://cdn.011st.com/11dims/resize/300/11src/dl/22/2/6/1/7/6/5/SmCzb/4007261765_141276568_05.jpg
331,해풍맞은 해남 세척 꿀고구마 3kg 5kg #베니하루카 #무농약,7370,https://cdn.011st.com/11dims/resize/300/11src/dl/v2/9/5/9/9/8/4/UIbaA/3901959984_141211301_05.png
332,"[10%20%+2개 700원 최대혜택4,990원]더빨강양말 여름 덧신/시스루양말 여성 남성 패션",7110,https://cdn.011st.com/11dims/resize/300/11src/dl/v2/9/4/4/6/2/5/eJTdj/2119944625_141257125_05.jpg
333,[메종오브제] 프라카 폴란드풍 핸드페인팅 도자기 식기 모음전,7920,https://cdn.011st.com/11dims/resize/300/11src/dl/v2/0/0/8/8/9/1/VRTik/2803008891_141169464_05.jpg
334,"[페이퍼플레인X SNRD]10%즉시+20%중복 S/S,F/W 베스트 인기있는 여름슈즈 샌들 슬리퍼",13320,https://cdn.011st.com/11dims/resize/300/11src/dl/v2/7/7/3/5/4/4/CEqxd/156773544_141258506_05.jpg
335,퍼실 세탁세제 딥클린 라벤더 드럼/일반 용기 2.7L x2개+ 퍼실 라벤더 1.8L,34000,https://cdn.011st.com/11dims/resize/300/11src/pd/v2/7/2/7/3/3/0/ikCeI/1909727330_L300.jpg
336,10일 후 달라지는 젬소 속눈썹영양제 오리지널/마스카라/컬링토닉/두피영양제(GEMSHO,7900,https://cdn.011st.com/11dims/resize/300/11src/dl/22/5/1/2/0/2/8/CWcUx/2331512028_141274816_05.jpg
337,아워홈 지리산수 2L x 24병,15920,https://cdn.011st.com/11dims/resize/300/11src/product/2013231711/L300.jpg?28000000
338,올스텐 싱크대 착붙 밀착 대형 도마,18900,https://cdn.011st.com/11dims/resize/300/11src/dl/v2/5/9/3/3/1/7/BvqdS/4671593317_140865436_05.jpg
339,해태htb 영진 구론산 오리지날 150ml 30개,18400,https://cdn.011st.com/11dims/resize/300/11src/dl/v2/2/9/4/4/2/6/DBblv/2843294426_141257921_05.jpg
340,[또또맘 15%+중복] 리얼이구마&리얼치즈구마 아기간식 모음전,31900,https://cdn.011st.com/11dims/resize/300/11src/pd/v2/7/6/4/6/5/1/UKlhg/3529764651_L300.png
341,[메가커피] (ICE)아메리카노,1980,https://cdn.011st.com/11dims/resize/300/11src/pd/v2/6/2/1/5/2/1/kWyQs/4620621521_L300.jpg
342,당도선별 성주참외 못난이참외 혼합과 10kg,16700,https://cdn.011st.com/11dims/resize/300/11src/pd/22/2/2/6/0/6/9/HQDih/4115226069_B.jpg
343,[바로생수] 스파클 생수 2L 24개,12900,https://cdn.011st.com/11dims/resize/300/11src/pd/22/1/9/3/2/2/2/krLRu/1694193222_B.jpg
344,정관장 활기력 세트 20ml x 16개입 JJ,35450,https://cdn.011st.com/11dims/resize/300/11src/pd/21/6/4/4/7/9/0/TBkzX/3811644790_B.jpg
345,천도복숭아 2kg/팩,13850,https://cdn.011st.com/11dims/resize/300/11src/pd/v2/6/0/9/0/4/8/NkOgn/2826609048_L300.jpg
346,노브랜드 미네랄워터 2L*6,1950,https://cdn.011st.com/11dims/resize/300/11src/pd/v2/0/4/5/0/0/0/dYQed/2827045000_L300.jpg
347,하루 한줌 견과 파란하루A(마카다미아피칸) 100봉 실속형,47900,https://cdn.011st.com/11dims/resize/300/11src/product/2923481711/L300.jpg?720000000
348,[JAQNO] 칼라 카라신 450g,16000,https://cdn.011st.com/11dims/resize/300/11src/product/2780606469/L300.jpg?729000000
349,[오뚜기] 옛날구수한 누룽지케이스 60g 20입/끓여먹는 누룽지 3kg 외 4종,22830,https://cdn.011st.com/11dims/resize/300/11src/dl/v2/6/2/9/7/9/2/MkLra/3338629792_141257479_05.jpg
350,30%쿠폰!여름내의/주니어/아동 내의/팬티드로즈/아동팬티 5매/성인런닝/면,9900,https://cdn.011st.com/11dims/resize/300/11src/dl/v2/2/5/8/2/4/2/MKuqx/1568258242_141276674_05.jpg
351,[삼다수][무료배송] 제주 삼다수 2L 12병 (유라벨 / 무라벨 랜덤발송),12000,https://cdn.011st.com/11dims/resize/300/11src/pd/v2/6/7/2/7/3/1/BIgIa/3057672731_L300.jpg
352,[옛골토성] 오리훈제 150gx18팩+소스 40gx3팩,56310,https://cdn.011st.com/11dims/resize/300/11src/pd/v2/9/7/0/2/8/1/HLfoB/4759970281_B.jpg
353,뉴케어 구수한맛 200mlx30팩 BEST 환자식 환자 영양식 아침 식사대용 유동식,43900,https://cdn.011st.com/11dims/resize/300/11src/pd/v2/3/0/4/3/5/1/AlEfv/2602304351_B.jpg
354,[최대70％] 불스원 바캉스용품 모음 (불스원샷 와이퍼 에어컨필터 디퓨저 방향제 워셔,10500,https://cdn.011st.com/11dims/resize/300/11src/pd/v2/4/2/1/4/7/3/kdqIY/1984421473_L300.jpg
355,[21%다운][가방]스마트모니터 M7 S32BM700 UHD 4K 32인치 C-Type 4ms Youtube 넷플릭스,488900,https://cdn.011st.com/11dims/resize/300/11src/pd/v2/8/1/8/8/5/2/XsRaH/4296818852_L300.jpg
356,헤라 선 메이트 레포츠 프로 워터프루프 70ml - 최근입고 K,14560,https://cdn.011st.com/11dims/resize/300/11src/pd/21/2/9/2/8/8/0/QfLie/3069292880_B.jpg
357,(상세페이지필독!!)다우니 실내건조 섬유유연제 1L,4600,https://cdn.011st.com/11dims/resize/300/11src/product/3285715225/L300.jpg?306000000
358,[20%+10%혜택] 해피콜 모노 IH 프라이팬&냄비 세트/다이아몬드 브릴로 후라이팬/클래식,17720,https://cdn.011st.com/11dims/resize/300/11src/pd/v2/3/5/5/8/3/7/rPYAm/55355837_L300.jpg
359,노브랜드 깨끗한 화장지 30m*30roll,9790,https://cdn.011st.com/11dims/resize/300/11src/pd/v2/4/3/7/8/7/9/IWyBw/4667437879_L300.jpg
360,[15%+15%+만능펜] 기적의계산법/기적의한글학습/기적의계산법/기적의받아쓰기/하루한장,37000,https://cdn.011st.com/11dims/resize/300/11src/dl/22/7/9/4/6/6/6/dUJYO/1684794666_141169804_05.jpg
361,트루포뮬러 비아노스 1박스(1개월) 전립선 건강의 유지에 도움,38670,https://cdn.011st.com/11dims/resize/300/11src/product/3479028222/L300.jpg?745000000
362,삼성 갤럭시탭A7 라이트 32/64GB WIFI/LTE 모음딜 SM-T220/225,135580,https://cdn.011st.com/11dims/resize/300/11src/pd/v2/4/1/9/6/3/6/SFDFu/4636419636_L300.jpg
363,[즉할30%+찜10%] 씨스팡 관절팔팔 4주분 외 선물세트+쇼핑백,65000,https://cdn.011st.com/11dims/resize/300/11src/dl/v2/0/3/7/5/6/1/fldtf/2110037561_141169388_05.jpg
364,11단독! 투투 [썸머할인!+20%] 여름 청바지/슬랙스/배기/조거/와이드/트레이닝/빅사이,9900,https://cdn.011st.com/11dims/resize/300/11src/dl/22/4/8/2/2/4/1/bMudd/412482241_140992923_05.jpg
365,[시크블랙]20%+10% 본격 여름휴가 준비 바캉스 무드 가득한 원피스/블라우스/셔츠/슬랙,9900,https://cdn.011st.com/11dims/resize/300/11src/pd/v2/5/8/5/9/2/2/bpCXR/2366585922_L300.jpg
366,달리샵 20%+10% ~100종! 반팔티/팬츠/원피스/블라우스/트레이닝 외,8900,https://cdn.011st.com/11dims/resize/300/11src/pd/v2/9/0/4/2/6/2/CLgpc/602904262_L300.jpg
367,[초이스굿] 진미채/오징어실채 1KG #아이스팩 동봉,16960,https://cdn.011st.com/11dims/resize/300/11src/pd/v2/0/8/3/1/4/5/ymCze/3406083145_B.jpg
368,[T멤11%+중복10%][패들포인트]맥심 카누 다크/마일드 미니 100T+20T[아메리카노/원두커,24110,https://cdn.011st.com/11dims/resize/300/11src/pd/v2/3/7/8/8/1/7/tbNhy/599378817_B.jpg
369,우르오스 올인원 200ml스킨밀크스킨로션남성화장품,23900,https://cdn.011st.com/11dims/resize/300/11src/product/1405748785/L300.jpg?885000000
370,[30%쿠폰] 솔로이스트 여름 BEST 클리어런스! 최대혜택전 87%SALE SACKDH04,9900,https://cdn.011st.com/11dims/resize/300/11src/pd/v2/0/5/6/2/5/6/UHEhH/2299056256_L300.jpg
371,[이벤트캡슐 2+1] 네스카페 돌체구스토 정품 캡슐커피 30여종 모음전,9660,https://cdn.011st.com/11dims/resize/300/11src/dl/v2/1/0/3/9/5/9/fPtXA/2012103959_141258600_05.jpg
372,VIVALDI 비발디파크 여름 특집,114000,https://cdn.011st.com/11dims/resize/300/11src/dl/v2/1/0/8/8/7/0/OGJzn/3926108870_141259993_05.jpg
373,아이깨끗해 손세정제 222ml 리필x6개 + 순100ml리필x3개/핸드워시,12820,https://cdn.011st.com/11dims/resize/300/11src/dl/v2/3/0/4/5/2/8/jMNbA/1544304528_140118895_05.jpg
374,뉴땡큐 3겹 30롤 x 2팩 /60롤 화장지,19900,https://cdn.011st.com/11dims/resize/300/11src/pd/18/9/8/2/3/9/5/PFZqj/1915982395_L300.jpg
375,콜라 300ml PET 24개+법랑머그컵,24400,https://cdn.011st.com/11dims/resize/300/11src/dl/v2/5/5/1/8/5/8/bjTNh/4592551858_141258018_05.jpg
376,크록스 63종모음 성인 키즈 샌들 바야크록밴드 라이트라이드 클래식 슬리퍼 205089-12,23310,https://cdn.011st.com/11dims/resize/300/11src/pd/v2/5/9/3/7/8/4/rDEej/3988593784_L300.jpg
377,[어글리러블리X깨비]못난이 하우스감귤 3kg 4.5kg,12900,https://cdn.011st.com/11dims/resize/300/11src/pd/v2/6/9/8/6/1/0/cByRP/2938698610_B.jpg
378,베베숲 시그니처 브라운 캡형 70매X10팩,15880,https://cdn.011st.com/11dims/resize/300/11src/product/4169156391/L300.jpg?219000000
379,[홈플러스]simplus1등급우유900MLx2,3460,https://cdn.011st.com/11dims/resize/300/11src/pd/v2/6/7/9/6/6/5/mEykw/2896679665_B.jpg
380,[즉시할인15%+추가5%할인][닥터린] 송중기의 초임계 추출 알티지 오메가3 x 5박스 +인,59900,https://cdn.011st.com/11dims/resize/300/11src/pd/v2/7/0/4/3/0/0/mxYSw/3411704300_L300.jpg
381,[신제품/최대혜택가 33만원대] LG 휘센 제습기 DQ132PWXC 13L 화이트,357000,https://cdn.011st.com/11dims/resize/300/11src/pd/v2/3/4/0/6/9/7/DZsah/4591340697_L300.jpg
382,"아워홈 지리산수 2L X 12펫, 500ml X 40펫",6750,https://cdn.011st.com/11dims/resize/300/11src/product/3338548163/L300.jpg?524000000
383,[25%쿠폰+T11%][크리스티나앤코 외] 홈쇼핑 히트상품! 썸머 시즌 마감 폭탄세일,6530,https://cdn.011st.com/11dims/resize/300/11src/pd/v2/9/1/9/4/9/6/YZTxx/2437919496_L300.jpg
384,CJ 햇반 210g 24개입/36개입/오뚜기/발아현미밥/흑미밥,26900,https://cdn.011st.com/11dims/resize/300/11src/pd/17/4/8/0/9/0/6/MMqnw/1895480906_B.jpg
385,넘버엔 릴렉스 체어 프로 N-CH-001 2개,67500,https://cdn.011st.com/11dims/resize/300/11src/al/6/1/9/8/1/9/1253619819_B_V3.jpg
386,메디메이트 치간칫솔 i형/어금니형 100P 대용량 공장직판 치과납품 + 휴대용케이스 +,11900,https://cdn.011st.com/11dims/resize/300/11src/product/10468923/L300.png?201000000
387,[최대20%][대웅제약] 밀크씨슬 홍국 에너씨슬 콜레다운 3개월/ 간+콜레스테롤 동시케어,36000,https://cdn.011st.com/11dims/resize/300/11src/pd/v2/6/6/8/2/5/8/wHAHh/3046668258_L300.jpg
388,바이오더마 센시비오 H2O 클렌징워터 500ml,13790,https://cdn.011st.com/11dims/resize/300/11src/product/1718737974/L300.jpg?550000000
389,[단독]NCT X 산리오타운 공식MD_포토 콜렉트북_예약판매,26000,https://cdn.011st.com/11dims/resize/300/11src/pd/v2/2/8/5/0/1/1/ltZfb/4587285011_L300.jpg
390,KF94 에어데이즈 조정석 새부리형 마스크 소형/중형/대형/대형플러스 50매,25900,https://cdn.011st.com/11dims/resize/300/11src/dl/v2/9/6/6/1/5/5/Czklf/3408966155_141258687_05.jpg
391,빅토리아 탄산수/탄산음료 500ml x 40pet 골라담기 (플레인/레몬/청포도/파인애플/자몽,18900,https://cdn.011st.com/11dims/resize/300/11src/product/3424597952/L300.jpg?200000000
392,"[혜택가199,000원/AS 2년+장착무료] 파인뷰 X5000 Q/Q 32GB로업 1.5초 초고속 부팅 플",199000,https://cdn.011st.com/11dims/resize/300/11src/dl/v2/0/6/0/9/4/8/VOmZE/4288060948_141277801_05.jpg
393,[30%할인가] 쉬즈미스 르오트 외 가을신상+여름시즌오프 겨울한정수량 원피스/블라우스,9800,https://cdn.011st.com/11dims/resize/300/11src/pd/v2/9/0/4/4/3/3/gjBaO/1897904433_L300.jpg
394,핸드폰 갤럭시 노트20 울트라 10 9 S22 S21 S20 S10 5G 플러스 A53 A52 A32 A23 지갑형,4900,https://cdn.011st.com/11dims/resize/300/11src/dl/v2/9/2/3/5/3/3/NHZTA/71923533_140986982_05.jpg
395,"[라리리]20%+10% 티셔츠/팬츠 시즌오프! 1+1/원피스/루즈핏/롱/(캡내장)티셔츠,원피스",12400,https://cdn.011st.com/11dims/resize/300/11src/dl/22/2/0/6/0/8/1/EAoOd/4599206081_141277050_05.jpg
396,[마시옐로우] 알이탱글 맥반석 구운계란 30구+30구(2판),19900,https://cdn.011st.com/11dims/resize/300/11src/pd/21/1/0/4/1/9/9/doBuU/1551104199_B.jpg
397,시루조아 차갑게 먹으면 더맛있는 아이스떡 굳지않는 앙꼬절편 /쌀로만든 카스테라 호,6900,https://cdn.011st.com/11dims/resize/300/11src/pd/v2/3/1/9/6/6/9/UWdtC/1843319669_L300.jpg
398,KIXX PAO C2 C3 5W30 1L 디젤 킥스파오,6550,https://cdn.011st.com/11dims/resize/300/11src/pd/20/3/0/2/6/6/7/lJEHu/2767302667_L300.jpg
399,헤네스 무료발송 데일리머리끈/ 당고 머리끈/ 코인 머리끈 5개 세트,5500,https://cdn.011st.com/11dims/resize/300/11src/dl/22/1/7/8/3/8/9/PvzZe/4618178389_141254632_05.jpg
400,가히 링클 바운스 멀티밤 9g 2개 - 최근입고,36990,https://cdn.011st.com/11dims/resize/300/11src/pd/v2/8/4/7/5/5/5/cSvZc/4675847555_B.jpg
401,[언더아머 본사]남성 UA 락커 IV 슬라이즈 3023758-100,20190,https://cdn.011st.com/11dims/resize/300/11src/product/3498191968/L300.jpg?233000000
402,아우라 바이럭스 실내건조 1L 프레쉬자스민향 x 5개,22400,https://cdn.011st.com/11dims/resize/300/11src/pd/v2/4/2/1/7/7/5/YPVqT/3811421775_L300.jpg
403,킥스 파오 A3/B4 5W30 1L (Kixx PAO),6300,https://cdn.011st.com/11dims/resize/300/11src/pd/19/1/2/2/0/1/9/AfqOp/2351122019_B.jpg
404,동아오츠카 라인바싸 플레인 탄산수 500ml x 40개(PET),16500,https://cdn.011st.com/11dims/resize/300/11src/pd/v2/1/2/7/6/8/8/oIYVw/4277127688_B.jpg
405,[10%중복쿠폰] 남양 아인슈타인 베이비 플러스 맛있는우유 GT 슈퍼밀크 락토프리 저지,14500,https://cdn.011st.com/11dims/resize/300/11src/dl/v2/2/6/7/9/2/0/UnAnn/2464267920_141240463_05.jpg
406,[홈플러스]홈플러스 시그니처무라벨맑은샘물2.0Lx6,1960,https://cdn.011st.com/11dims/resize/300/11src/pd/v2/3/8/5/7/1/0/RnBmw/4438385710_B.jpg
407,[15%+15%] 올반 크런치 찰핫도그 30봉/곰표핫도그,28900,https://cdn.011st.com/11dims/resize/300/11src/dl/v2/7/9/4/7/6/2/vMacQ/2606794762_141169698_05.jpg
408,"하남쭈꾸미 350g, 500g 3팩 구성 / 하남낙지 외",29700,https://cdn.011st.com/11dims/resize/300/11src/pd/19/4/4/7/5/5/8/vjupp/2105447558_L300.jpg
409,치노시오야 내추럴 포어 클렌징 오일 150ml,32900,https://cdn.011st.com/11dims/resize/300/11src/product/2259407112/L300.jpg?969000000
410,[10% 중복쿠폰]필립스 SkinIQ 9000 전기면도기 S9985/67 크롬실버 +우르오스 스킨워시,308700,https://cdn.011st.com/11dims/resize/300/11src/pd/v2/7/2/7/1/0/3/JrvNN/3581727103_L300.jpg
411,드시모네 캡슐 유산균 540mg x60캡슐x1박스 /An,72500,https://cdn.011st.com/11dims/resize/300/11src/pd/22/8/5/8/9/4/8/YBzXI/4203858948_B.jpg
412,삼성 마이크로SD 메모리카드 EVO PLUS 256GB 256기가 MB-MC256KA RI,26190,https://cdn.011st.com/11dims/resize/300/11src/pd/22/9/2/3/9/2/4/FOXpW/3898923924_L300.jpg
413,헨켈 퍼실 파워젤 딥클린 플러스 라벤더 드럼용 세제 2.7L,12600,https://cdn.011st.com/11dims/resize/300/11src/product/3302764502/L300.jpg?603000000
414,대상 뉴케어 당플랜 프로 230ml X 48팩,84870,https://cdn.011st.com/11dims/resize/300/11src/pd/v2/0/2/3/6/4/7/dQWiA/3721023647_B.jpg
415,[~20%시즌오프]패션라인 썸머대방출 200종! 원피스/팬츠/청바지/자켓/데님/티셔츠/빅사,9900,https://cdn.011st.com/11dims/resize/300/11src/dl/v2/7/9/5/9/9/3/qbYHT/2330795993_141169795_05.jpg
416,지패스 AP500S 유선 RF하이패스 단말기,37500,https://cdn.011st.com/11dims/resize/300/11src/pd/v2/0/5/4/3/7/4/zDcMv/3368054374_L300.jpg
417,오뚜기 오뚜기밥 210G X 24,25500,https://cdn.011st.com/11dims/resize/300/11src/product/3879332725/L300.jpg?622000000
418,[중복쿠폰10%] 프로메가 RTG 오메가3 종근당 건강식품 모음,66900,https://cdn.011st.com/11dims/resize/300/11src/dl/v2/9/6/2/2/3/2/XVORI/2624962232_140992852_05.jpg
419,EVA 아쿠아슈즈 워터슈즈 물놀이신발 서핑슈즈 남녀공용 커플,13800,https://cdn.011st.com/11dims/resize/300/11src/pd/v2/8/5/3/6/4/1/YDnjL/4157853641_B.jpg
420,ALL STANDARD 대용량 세탁세제 2.7L*2개/4개 드럼 일반 겸용,5280,https://cdn.011st.com/11dims/resize/300/11src/dl/22/2/9/5/1/2/2/PbmLF/3182295122_141137530_05.jpg
421,[ALL STANDARD] 대용량 500매 위생장갑 크린롤백 위생백 종이호일 지퍼백 수세미 팬덮,4800,https://cdn.011st.com/11dims/resize/300/11src/dl/22/9/6/1/8/8/1/PkLDR/4423961881_140986376_05.jpg
422,[CLR스크린 100인치+핑크퐁 멤버쉽+키즈 헤드폰 증정]LG시네빔 HU715Q 빔프로젝터 250,3690000,https://cdn.011st.com/11dims/resize/300/11src/pd/v2/8/6/2/7/7/8/cSsqN/4117862778_L300.jpg
423,위니아 제습기 EDH10ENW / 일제습량 10리터 / 화이트,175000,https://cdn.011st.com/11dims/resize/300/11src/pd/v2/1/6/9/1/9/7/phtMU/3553169197_L300.jpg
424,[허닭본사] 닭가슴살/스테이크/함박/큐브/소시지 모음전,2600,https://cdn.011st.com/11dims/resize/300/11src/pd/v2/1/2/1/7/5/1/YWNZf/1651121751_B.jpg
425,[에이와비]20%쿠폰!썸머단독특가! 팬츠/니트/반팔티/가디건 외,14900,https://cdn.011st.com/11dims/resize/300/11src/pd/v2/4/3/9/1/6/4/kHnNc/1695439164_L300.jpg
426,비오는날 장마/햇빛 필수템 UV차단 3단 자동우산 / 장우산,7380,https://cdn.011st.com/11dims/resize/300/11src/pd/v2/9/1/5/2/7/8/ewzkZ/4616915278_B.jpg
427,[블랙야크]BEST 여름상품 20%추가적용 204종 트레킹화/티셔츠/바지/자켓/페딩자켓,14000,https://cdn.011st.com/11dims/resize/300/11src/dl/v2/8/6/1/3/5/7/JGRsI/3457861357_141277098_05.jpg
428,늘품 가정용 껍질채먹는 흠집 꿀 아오리 사과 안동 청송 경북 못난이 사과 10kg,13900,https://cdn.011st.com/11dims/resize/300/11src/pd/v2/1/8/7/7/4/6/ltMoV/3337187746_B.jpg
429,센트룸 포 맨 멀티비타민 1387mg x 112정,41750,https://cdn.011st.com/11dims/resize/300/11src/pd/20/0/9/9/7/4/2/Sezly/3115099742_B.jpg
430,[신세계몰]한상궁김치 국산 겉절이 2kg/당일제조/HACCP,11900,https://cdn.011st.com/11dims/resize/300/11src/pd/v2/2/3/4/0/5/9/kfiCb/3181234059_L300.jpg
431,[테일러팜스 공식] 푸룬주스/딥워터/젤리밥/키즈푸룬 모음전,23200,https://cdn.011st.com/11dims/resize/300/11src/dl/22/3/9/7/7/0/4/tFGpS/4181397704_139036652_05.jpg
432,뉴트리 에버콜라겐 타임 비오틴 3g 30포 3개 (90포),83000,https://cdn.011st.com/11dims/resize/300/11src/pd/v2/5/5/3/8/8/5/UEPre/4595553885_B.jpg
433,[10%+20%]SOVO 여름신상 여성샌들 슬리퍼 뮬 쪼리 슬링백 단화 로퍼 플랫 구두 펌프스,16110,https://cdn.011st.com/11dims/resize/300/11src/dl/v2/3/3/9/1/7/6/dhSRK/1835339176_141256917_05.jpg
434,[선착순고등어구이70g1팩증정][오뚜기] 렌지에돌려먹는 생선구이(3+1)2개골라담기 (고,22690,https://cdn.011st.com/11dims/resize/300/11src/pd/v2/6/9/1/1/1/6/pCRfe/3625691116_L300.jpg
435,[홈플러스]광동비타500프레쉬100MLx10,6990,https://cdn.011st.com/11dims/resize/300/11src/pd/v2/8/5/0/2/2/8/HZvKl/3543850228_B.jpg
436,iPhone 12 mini 128G,682000,https://cdn.011st.com/11dims/resize/300/11src/dl/v2/1/0/0/0/7/7/RYvzC/3112100077_140999358_05.jpg
437,[최대 30% 쿠.폰할.인 최종 134만]Legion T5 26AMR R7 3070/게이밍/디자인/캐드/포토샵,1798940,https://cdn.011st.com/11dims/resize/300/11src/pd/v2/3/8/7/6/1/2/uSCCL/4542387612_L300.jpg
438,로지텍G G102 2세대 벌크 병행(가!품! 구별법 꼭 확인하세요!!!),22980,https://cdn.011st.com/11dims/resize/300/11src/pd/20/9/4/0/7/5/2/hiPpR/2856940752_L300.jpg
439,"[LAPACC]랩 본사 여름 신상&BEST 단독가 복조리백,미니백,지갑,샌들外",15000,https://cdn.011st.com/11dims/resize/300/11src/dl/v2/8/6/0/0/0/3/kVlzD/1832860003_141228821_05.jpg
440,[산과들에] 하루견과 한줌 견과류 아몬드 호두 땅콩 100봉 원데이프리미엄 순수가온,39900,https://cdn.011st.com/11dims/resize/300/11src/dl/22/4/7/2/1/9/3/wPkuT/986472193_141257558_05.jpg
441,크린엣지 여름용 새부리형 마스크 KF94 100매 대형 컬러마스크 블랙 화이트 그레이 베,21900,https://cdn.011st.com/11dims/resize/300/11src/dl/v2/1/1/2/7/2/9/GjAaU/3258112729_141277519_05.jpg
442,남자 여자 래쉬가드 수영복 빅사이즈 커플 비치웨어 빠지 집업 워터레깅스 팬츠 보드숏,23900,https://cdn.011st.com/11dims/resize/300/11src/pd/v2/2/1/5/8/2/5/EyfEz/754215825_L300.jpg
443,나우푸드 실리마린 60캡슐 2박스 4개월분,30000,https://cdn.011st.com/11dims/resize/300/11src/pd/v2/5/6/9/8/1/9/ahBug/2562569819_L300.jpg
444,[이밥차]와사삭 한입 순살치킨(1kg) 2팩,25200,https://cdn.011st.com/11dims/resize/300/11src/dl/v2/6/4/6/5/2/9/TbByr/3242646529_139512640_05.jpg
445,메쉬넵2 휴대용 네블라이저 가정용 초음파 흡입기 강아지 고양이 펫 네뷸라이저,88230,https://cdn.011st.com/11dims/resize/300/11src/product/1635769027/L300.jpg?916000000
446,[홈플러스]대왕님표여주쌀10KG,27350,https://cdn.011st.com/11dims/resize/300/11src/pd/v2/3/7/1/0/7/0/ktLAh/1837371070_B.jpg
447,크록스 아동/성인 인기 샌들 슬리퍼 총집합,17800,https://cdn.011st.com/11dims/resize/300/11src/pd/v2/4/9/9/3/9/4/NrRms/2419499394_L300.jpg
448,여름신상!울랄라 편안한 파자마/홈웨어 고퀄리티/성인아동홈웨어/잠옷/원피스/상하세트,25900,https://cdn.011st.com/11dims/resize/300/11src/pd/v2/7/6/9/1/3/1/hBOzN/3097769131_L300.jpg
449,[단독쿠폰할인]빅사이즈추가/하객룩/오피스룩/원피스/쉬폰/정장/결혼식/가을원피스/여,26820,https://cdn.011st.com/11dims/resize/300/11src/dl/v2/8/9/9/7/1/9/AiJFv/86899719_140989627_05.jpg
450,[걸핀스] 신상20여종 입고! 휴가 준비 베스트 왕리본/집게핀/헤어링/바캉스/스프링,900,https://cdn.011st.com/11dims/resize/300/11src/dl/v2/6/7/4/0/5/5/lNzuq/3008674055_141277323_05.jpg
451,[아가방x에뜨와] 35% 겨울 역시즌 내의/상하복/원피스 外 100종,10000,https://cdn.011st.com/11dims/resize/300/11src/pd/v2/3/9/5/6/8/9/fyAQg/2818395689_L300.jpg
452,[리본제이]무디타 국내산 스텐 마스터 삼각 집게/고기집게 외 인기 스텐 조리도구 모음,6770,https://cdn.011st.com/11dims/resize/300/11src/dl/v2/9/9/4/4/2/6/WnQRW/3188994426_141219412_05.jpg
453,[청수] 우동다시 1.8L,6500,https://cdn.011st.com/11dims/resize/300/11src/product/3141191074/L300.jpg?510000000
454,갤럭시 버즈 프로 SM-R190 블루투스 이어폰,125040,https://cdn.011st.com/11dims/resize/300/11src/pd/v2/7/5/5/8/0/7/DCQBE/3484755807_B.jpg
455,"[15%+중복10%] 존슨즈 로션,바스,샴푸,오일,파우더 유아스킨케어 Best",13950,https://cdn.011st.com/11dims/resize/300/11src/pd/v2/1/4/2/9/8/0/dEpPV/991142980_B.jpg
456,[30%+T11%][세인트스코트] 한선화 pick!시즌오프 특가전! 릴리안/지니 핸드폰가방 외,48300,https://cdn.011st.com/11dims/resize/300/11src/pd/v2/2/4/5/9/3/6/FlVju/1660245936_L300.jpg
457,[카드할인] 애플워치SE 44mm GPS 실버 알루미늄 케이스 어비스블루 스포츠 밴드 [MKQ4,383040,https://cdn.011st.com/11dims/resize/300/11src/pd/v2/4/5/1/0/0/3/pqDyR/4498451003_B.jpg
458,[15%중복쿠폰]포스트 오레오 오즈500g+오곡코코볼570g+시리얼용기1.0L [콘푸 라이트/시,14020,https://cdn.011st.com/11dims/resize/300/11src/pd/v2/6/3/8/5/3/2/tZWCz/1685638532_B.jpg
459,[10%중복쿠폰] 빙그레 아카페라 사이즈업 스페셜티 심플리 올데이 컵커피 편의점커피,15900,https://cdn.011st.com/11dims/resize/300/11src/dl/v2/3/3/8/7/1/5/FsJrI/4302338715_141240641_05.jpg
460,3M 브이텍 방수 코팅제 스프레이 뿌리는 방오 타일 화장실 외벽 옥상 누수,9350,https://cdn.011st.com/11dims/resize/300/11src/dl/21/0/6/8/7/0/7/mFtaf/1176068707_137796373_05.jpg
461,[30%Coupon]블루레이스 외 여름시즌OFF 혜택! 블라우스/원피스/하의 외,10000,https://cdn.011st.com/11dims/resize/300/11src/pd/v2/2/4/3/1/6/8/HOPXJ/2059243168_L300.jpg
462,21st 스쿠터 / 21세기 킥보드 / AS가능업체 어린이퀵보드,31920,https://cdn.011st.com/11dims/resize/300/11src/dl/v2/3/1/6/9/0/9/AfXrj/1778316909_141224949_05.jpg
463,[본사직영] JDX 22SS 일상 속 골프웨어 티셔츠/팬츠/아우터外,12940,https://cdn.011st.com/11dims/resize/300/11src/dl/v2/3/6/7/8/6/9/AYocD/2970367869_140993572_05.jpg
464,동원참치x18캔(라이트스탠다드/고추) / 리챔x12캔,24160,https://cdn.011st.com/11dims/resize/300/11src/pd/v2/5/2/7/9/8/3/YvMAH/3974527983_B.jpg
465,[10%중복쿠폰+T11%][미니언즈기획]동서 화이트/모카골드400T+미니언즈 선풍기/피크닉백,49880,https://cdn.011st.com/11dims/resize/300/11src/dl/v2/0/1/8/6/9/2/UQnbj/1413018692_141259272_05.png
466,[멀티탭 원플러스원] 개별 접지 절전 USB T형 2구 3구 4구 5구 6구 연장선,7800,https://cdn.011st.com/11dims/resize/300/11src/dl/v2/6/4/8/6/9/4/vBXCP/974648694_141161141_05.jpg
467,[헤라] 메이크업 특별구성! NEW센슈얼피팅글로우틴트/파우더매트리퀴드/실키스테이파운,28220,https://cdn.011st.com/11dims/resize/300/11src/dl/22/5/6/3/5/7/9/JEmAm/2218563579_141144074_05.jpg
468,[홈플러스]유기농바나나송이 1.1KG,4990,https://cdn.011st.com/11dims/resize/300/11src/pd/v2/7/9/2/7/0/5/VEmSh/2008792705_B.jpg
469,[오뚜기] 컵누들 로제맛 컵 49.8gx6개(한박스),11430,https://cdn.011st.com/11dims/resize/300/11src/pd/v2/0/1/0/0/5/0/ZUbEO/4764010050_B.jpg
470,한우왕 한우 양지 1등급이상 500g,23800,https://cdn.011st.com/11dims/resize/300/11src/pd/20/5/3/8/8/9/9/UvtQp/2766538899_L300.jpg
471,아라크네 콤비블라인드 1위 롤스크린 암막 커튼 거실 창문,10,https://cdn.011st.com/11dims/resize/300/11src/dl/v2/7/0/3/7/2/4/wGVCL/33703724_141234456_05.jpg
472,국산 에버렉스 ABC 새부리형 마스크 KF94 KF80 소형 중형 대형 50매 100매 어린이 초등,13500,https://cdn.011st.com/11dims/resize/300/11src/dl/v2/9/5/2/8/3/0/Yyzfa/3374952830_141240487_05.jpg
473,[오뚜기] 3분 카레 약간매운맛 200g x 6개 외 28종 3일숙성/백세카레/분말/고형,11750,https://cdn.011st.com/11dims/resize/300/11src/dl/v2/1/1/0/9/5/7/brHmd/2151110957_141258442_05.jpg
474,닌텐도 스위치 별의 커비 디스커버리 한글판 새상품 Y,59760,https://cdn.011st.com/11dims/resize/300/11src/pd/v2/9/3/1/3/5/6/MuTJh/4423931356_L300.jpg
475,[베베쥬]15%+20%/가을신상오픈/여름대할인/익일배송,5900,https://cdn.011st.com/11dims/resize/300/11src/pd/v2/1/4/1/5/4/4/WWXDD/1217141544_L300.jpg
476,써니워터 인텍스 키즈 튜브 투명보트 아동 캐릭터 유니콘 도넛 하트 바디보드 보트 원,15900,https://cdn.011st.com/11dims/resize/300/11src/dl/v2/4/0/6/1/5/3/tyxOX/1229406153_140756490_05.jpg
477,[탐라황감] 제주 하우스감귤 2.5kg 4.5kg #소과 #로얄과,18900,https://cdn.011st.com/11dims/resize/300/11src/dl/22/1/2/1/8/3/3/kPgnM/4547121833_141259806_05.jpg
478,균형 혼합 18곡 6kg (2kgX3봉) 혼합잡곡 혼합곡 잡곡,11100,https://cdn.011st.com/11dims/resize/300/11src/pd/v2/2/7/5/0/2/7/PHdAy/28275027_L300.jpg
479,(당일사용불가) 전남 나주 중흥골드스파 워터락 이용권(~8/21)/워터파크/스파/중흥골드,38500,https://cdn.011st.com/11dims/resize/300/11src/pd/v2/9/8/6/8/7/0/vNvdL/4607986870_L300.jpg
480,[20%즉시] 테팔 후라이팬 냄비 모음전 / 22년 NEW 차세대 / 티타늄2X 최대40%,29870,https://cdn.011st.com/11dims/resize/300/11src/dl/v2/7/6/3/4/3/7/fCbXg/3907763437_140985628_05.jpg
481,빅트레인 바닐라 라떼 파우더 1.59Kg,32900,https://cdn.011st.com/11dims/resize/300/11src/product/4092889911/L300.jpg?150000000
482,생리대 화이트 수퍼흡수 30+6매/시크릿홀/울트라/슬림/오버/소형/중형/대형/수퍼롱/팬,10900,https://cdn.011st.com/11dims/resize/300/11src/pd/21/1/8/5/9/9/0/KiwIh/1091185990_L300.jpg
483,다우니 프리미엄 세탁세제 액체형 2.8Lx2개 (실내건조) [D150*2],26680,https://cdn.011st.com/11dims/resize/300/11src/product/3393593862/L300.jpg?856000000
484,다우니 초고농축 섬유유연제1L 6개 + 증정,27900,https://cdn.011st.com/11dims/resize/300/11src/pd/v2/8/8/7/4/0/2/nqMLb/4002887402_L300.jpg
485,겔업 액체세탁세제 2.5Lx4개(총10000ml)드럼/일반,8900,https://cdn.011st.com/11dims/resize/300/11src/product/199341325/L300.jpg?317000000
486,브레프 파워액티브 변기세정제 레몬 3개입 x3개,12500,https://cdn.011st.com/11dims/resize/300/11src/pd/v2/1/8/5/3/3/0/Ohxbq/1907185330_L300.jpg
487,국내산 장갑형 때밀이 타올 (벙어리 장갑),2000,https://cdn.011st.com/11dims/resize/300/11src/product/3308609703/L300.png?688000000
488,컵라면 100종 골라담기 일부 1 + 1 행사 /신라면 진라면 육개장 왕뚜껑 사발면 큰사발,650,https://cdn.011st.com/11dims/resize/300/11src/product/1826845885/L300.jpg?375000000
489,코렐 허브 머그 1p,14070,https://cdn.011st.com/11dims/resize/300/11src/product/2099786903/L300.jpg?484000000
490,루토사 스트레이트 감자튀김 1kg,2960,https://cdn.011st.com/11dims/resize/300/11src/pd/21/8/6/5/9/8/3/uNodN/2826865983_L300.jpg
491,빅마마 이혜정의 맛있는 김치 11kg,49900,https://cdn.011st.com/11dims/resize/300/11src/pd/v2/4/1/6/6/5/6/cdSzo/3828416656_B.jpg
492,P&G 오랄비 왁스 치실 50m 정품 1개 dm,1230,https://cdn.011st.com/11dims/resize/300/11src/product/3702425573/L300.jpg?513000000
493,[홈플러스]홈플러스시그니처1A우유930ML,1970,https://cdn.011st.com/11dims/resize/300/11src/pd/v2/8/8/9/8/3/0/cRyxV/3877889830_B.jpg
494,블루보넷 킬레이트 마그네슘 120정 [해외],14900,https://cdn.011st.com/11dims/resize/300/11src/pd/22/8/3/2/3/1/8/WyjsI/4069832318_B.jpg
495,아모스 탱탱 아이클레이 50g 리필 키즈클레이,1310,https://cdn.011st.com/11dims/resize/300/11src/pd/22/8/3/4/1/4/6/KyaMf/4254834146_B.jpg
496,"[냉동][스페인산] 뼈없는 대패 삼겹살 (1,000g)",12600,https://cdn.011st.com/11dims/resize/300/11src/pd/21/7/2/2/7/9/3/FRCEk/3219722793_L300.jpg
497,정관장 화애락 큐 500mg x 112정 면역력 피로개선 1박스 sbr,73640,https://cdn.011st.com/11dims/resize/300/11src/pd/22/7/6/4/5/2/3/WsnME/4163764523_B.jpg
498,종합 멀티비타민 미네랄 비타민D 비타민B 비타민E 루테인 모음전,28800,https://cdn.011st.com/11dims/resize/300/11src/pd/v2/2/2/9/8/5/7/scYFr/2708229857_L300.jpg
499,[쫀쫀 거품 실크 폼클렌징3개-6개]최대6개 저자극 모공 폼클렌징 퍼펙트 휘핑 딥클린,9900,https://cdn.011st.com/11dims/resize/300/11src/dl/22/3/4/6/2/6/8/kkxNf/3943346268_141277135_05.jpg
