link,price,title
http://item.gmarket.co.kr/Item?goodscode=2519604129&ver=637953159426706916,25030,브라운 면도기 세정액 CCR5+1 
http://item.gmarket.co.kr/Item?goodscode=2457227666&ver=637953159426706916,12000,레고 닌자고 브릭마스터 외 6종 선택구매 
http://item.gmarket.co.kr/Item?goodscode=2282569768&ver=637953159426706916,5900,풀문 여름 시즌오프 버킷햇/레그워머/양말/왕리본/집게핀 
http://item.gmarket.co.kr/Item?goodscode=1635932244&ver=637953159426706916,9900,아삭아삭 미니 오이 20개 /2개주문시 50개발송 
http://item.gmarket.co.kr/Item?goodscode=1277558140&ver=637953159426706916,7900,무료반품 2+1 균일가 덧신양말남성여성발목중목학생 
http://item.gmarket.co.kr/Item?goodscode=972418391&ver=637953159426706916,6900,22%쿠폰/1+1 2박스외/무료반품/여성팬티/노라인/위생 
http://item.gmarket.co.kr/Item?goodscode=2247442933&ver=637953159426706916,3900,10%할인+사은품_책속에서 여름나기 인기도서 260종_무료배송 
http://item.gmarket.co.kr/Item?goodscode=2039631118&ver=637953159426706916,49900,1+1 2개 무선 선풍기 탁상용 미니 휴대용 캠핑용 벽걸이 사무실 선물용 가정용 
http://item.gmarket.co.kr/Item?goodscode=2418873800&ver=637953159426706916,16830,(현대Hmall) 오늘출발  젤리스트로우 투게더팩 1254g X 2팩(총 130개 내외) 
http://item.gmarket.co.kr/Item?goodscode=2349559030&ver=637953159426706916,71000,별똥별_NEW 야물야물 그림책 (전20권) 
http://item.gmarket.co.kr/Item?goodscode=2036145620&ver=637953159426706916,10000,무료반품 15% 할인쿠폰 마르조 오나라 단하루특가 
http://item.gmarket.co.kr/Item?goodscode=2514963907&ver=637953159426706916,7900,DCOVERS/디커버스/반팔티/티셔츠/여성/남자/빅사이즈 
http://item.gmarket.co.kr/Item?goodscode=2266434001&ver=637953159426706916,3900,3900원 균일가 시즌오프 블라우스/티셔츠/원피스/팬츠 外 
http://item.gmarket.co.kr/Item?goodscode=2367811261&ver=637953159426706916,17900,군산 반건조 서대 박대구이 특대 5미 2개(쿠폰15940) 
http://item.gmarket.co.kr/Item?goodscode=1805913808&ver=637953159426706916,99450,신일   화이트   에어서큘레이터(SIF-FA800B) 
http://item.gmarket.co.kr/Item?goodscode=2246494986&ver=637953159426706916,19360,서울우유 클릭유 커피 200ml x 24입 (1박스) 
http://item.gmarket.co.kr/Item?goodscode=2141477713&ver=637953159426706916,11500,붕어빵 아기물티슈 썸머에디션 핫한 고평량 70매 10팩 70gsm 
http://item.gmarket.co.kr/Item?goodscode=2520466046&ver=637953159426706916,28800,(롯데백화점)남여공용 디스럽터 테이피 테잎 _ FS1HTB1091X 
http://item.gmarket.co.kr/Item?goodscode=1587075039&ver=637953159426706916,15900,청정우 양지 300gX3팩 
http://item.gmarket.co.kr/Item?goodscode=2167436179&ver=637953159426706916,72000,닌자 프로페셔널 초퍼 믹서기 블렌더 NJ1001KR 
